starting,Executing hook on transaction ,checking permissions,Opening tables,init,System lock,optimizing,statistics,preparing,Creating tmp table,executing,end,query end,waiting for handler commit,removing tmp table,closing tables,freeing items,cleaning up,total,rowScan,rowOut,Timestamp
5.2000000000000004e-05,7.000000000000003e-06,2.4e-05,2.7000000000000002e-05,1.9e-05,1.1e-05,9e-06,1.3000000000000001e-05,1.4000000000000001e-05,3.6e-05,0.000121,9e-06,7.000000000000003e-06,1.8e-05,1.1e-05,9e-06,3.9e-05,1.3000000000000001e-05,0.000439,21,21.0,1606371118.7028608
4.4e-05,6e-06,7.000000000000003e-06,2.1e-05,8e-06,9e-06,8e-06,1.2e-05,1.2e-05,3.1e-05,0.000948,8e-06,6e-06,1.5e-05,1e-05,8e-06,3.6e-05,1.4e-05,0.001203,619,619.0,1606371178.7869518
3.7e-05,5e-06,6e-06,1.7e-05,7.000000000000003e-06,7.000000000000003e-06,6e-06,9e-06,9e-06,2.3e-05,0.001282,6e-06,5e-06,1.1e-05,7.000000000000003e-06,6e-06,2.5e-05,2.4e-05,0.001492,1216,1216.0,1606371238.813146
5.2e-05,1.3e-05,8e-06,2.2e-05,7.000000000000003e-06,8e-06,6e-06,1.1e-05,1e-05,2.6e-05,0.002256,9e-06,5e-06,1.2e-05,8e-06,6e-06,2.7e-05,9e-06,0.002495,1814,1814.0,1606371298.8837936
4.5e-05,7.000000000000003e-06,2.3e-05,2.6000000000000002e-05,1e-05,1.1e-05,9e-06,1.4000000000000001e-05,1.4000000000000001e-05,6.2e-05,0.0034130000000000002,9e-06,6e-06,1.7e-05,9e-06,8e-06,3.6e-05,1.8e-05,0.003737,2412,2412.0,1606371358.9617445
4.4e-05,7.000000000000003e-06,8e-06,2.4e-05,9e-06,1e-05,6e-06,1.1e-05,1e-05,2.8000000000000013e-05,0.003393,8e-06,5e-06,1.3e-05,8e-06,7.000000000000003e-06,2.8000000000000013e-05,1.2e-05,0.003631,3062,3062.0,1606371419.0372891
3.7e-05,5e-06,6e-06,2.9999999999999997e-05,7.000000000000003e-06,8e-06,6e-06,9e-06,9e-06,2.4e-05,0.0039829999999999996,9e-06,5e-06,1.3000000000000001e-05,8e-06,7.000000000000003e-06,2.8999999999999997e-05,9e-06,0.004204,3614,3614.0,1606371479.1142554
3.8e-05,5e-06,6e-06,1.6e-05,6e-06,7.000000000000003e-06,6e-06,9e-06,1e-05,4.3e-05,0.004369,9e-06,5e-06,1.3e-05,8e-06,7.000000000000003e-06,6.7e-05,1e-05,0.004634,4201,4201.0,1606371539.194054
5.1e-05,7.000000000000003e-06,8e-06,2.2e-05,9e-06,1e-05,8e-06,1.3000000000000001e-05,1.2e-05,3.3e-05,0.010008,1e-05,7.000000000000003e-06,1.8e-05,1.1e-05,9e-06,3.8e-05,1.3000000000000001e-05,0.010287000000000001,4734,4734.0,1606371599.2797244
5e-05,7.000000000000003e-06,8e-06,2.2e-05,9e-06,1e-05,7.000000000000003e-06,1.2e-05,1.2e-05,3.1e-05,0.011234,1.2e-05,7.000000000000003e-06,1.8e-05,1e-05,9e-06,3.8e-05,1.3e-05,0.011509,5366,5366.0,1606371659.3646085
4.3e-05,5e-06,6e-06,1.9e-05,6e-06,8e-06,6e-06,1e-05,9e-06,2.5e-05,0.008817,1.2e-05,6e-06,1.7e-05,1e-05,9e-06,3.3e-05,1.1e-05,0.009052,5920,5920.0,1606371719.4479506
4.9e-05,6e-06,7.000000000000003e-06,2.1e-05,8e-06,9e-06,7.000000000000003e-06,1.1e-05,1.1e-05,2.9e-05,0.012874000000000002,1.2e-05,7.000000000000003e-06,1.6e-05,1e-05,1e-05,3.6e-05,1.2e-05,0.013135,6545,6545.0,1606371779.538839
5e-05,7.000000000000003e-06,8e-06,2.3e-05,8e-06,1e-05,8e-06,1.3000000000000001e-05,1.2e-05,3.1e-05,0.014966,1.2e-05,7.000000000000003e-06,1.8e-05,1.1e-05,9e-06,3.8e-05,1.3000000000000001e-05,0.015244,7094,7094.0,1606371839.6272132
5.3e-05,7.000000000000003e-06,8e-06,2.4e-05,9e-06,1e-05,8e-06,1.2e-05,1.3e-05,3.2e-05,0.015977,1.2e-05,8e-06,1.7e-05,1.1e-05,9e-06,3.8e-05,2.8000000000000013e-05,0.016276,7563,7563.0,1606371899.7139564
5.2000000000000004e-05,8e-06,8e-06,2.3e-05,9e-06,1e-05,8e-06,1.3000000000000001e-05,1.3000000000000001e-05,3.1e-05,0.020299,1.3000000000000001e-05,7.000000000000003e-06,1.7e-05,1.2e-05,1e-05,4e-05,1.4999999999999999e-05,0.020588,8087,8087.0,1606371959.8100686
5e-05,1.3e-05,7.000000000000003e-06,2.3e-05,9e-06,1e-05,7.000000000000003e-06,1.3e-05,1.3e-05,3.1e-05,0.017407,1.5e-05,6e-06,1.7e-05,1e-05,9e-06,4e-05,1.9e-05,0.017699,8632,8632.0,1606372019.906134
5.1e-05,7.000000000000003e-06,8e-06,2.2e-05,8e-06,1e-05,8e-06,1.3000000000000001e-05,1.2e-05,3.1e-05,0.019082,1.2e-05,7.000000000000003e-06,1.8e-05,1.2e-05,9e-06,4e-05,1.4000000000000001e-05,0.019364,9190,9190.0,1606372080.0039015
5.5e-05,7.000000000000003e-06,8e-06,2.3e-05,9e-06,1e-05,8e-06,1.3e-05,1.3e-05,3.2e-05,0.019805,1.1e-05,7.000000000000003e-06,1.8e-05,1e-05,9e-06,3.7e-05,3e-05,0.020105,9721,9721.0,1606372140.1007838
5e-05,6e-06,7.000000000000003e-06,2.1e-05,8e-06,1e-05,8e-06,1.2e-05,1.2e-05,2.9999999999999997e-05,0.01376,1e-05,5e-06,1.3000000000000001e-05,9e-06,7.000000000000003e-06,2.7000000000000002e-05,1.1e-05,0.014006000000000001,10507,10507.0,1606372200.1612868
3.9e-05,6e-06,6e-06,1.7e-05,6e-06,8e-06,6e-06,9e-06,2.1e-05,2.5e-05,0.01148,1.1e-05,6e-06,1.3e-05,9e-06,7.000000000000003e-06,2.9e-05,1e-05,0.011708,11019,11019.0,1606372260.2495794
5.1e-05,7.000000000000003e-06,8e-06,2.4e-05,8e-06,1e-05,8e-06,1.3000000000000001e-05,1.3000000000000001e-05,3.1e-05,0.02334,1.3000000000000001e-05,7.000000000000003e-06,1.7e-05,1.1e-05,9e-06,3.8e-05,1.4000000000000001e-05,0.023622,11429,11429.0,1606372320.3451061
3.9e-05,6e-06,6e-06,1.8e-05,6e-06,8e-06,6e-06,1e-05,1e-05,2.4e-05,0.012605,1.1e-05,5e-06,1.6e-05,9e-06,7.000000000000003e-06,3e-05,1.4e-05,0.01283,11928,11928.0,1606372380.4371686
4.2e-05,5e-06,1.3000000000000001e-05,1.8e-05,7.000000000000003e-06,8e-06,6e-06,1e-05,1e-05,2.5e-05,0.012866999999999998,1.1e-05,6e-06,1.3000000000000001e-05,9e-06,7.000000000000003e-06,2.9999999999999997e-05,1e-05,0.013097,12416,12416.0,1606372440.5257792
5.2e-05,7.000000000000003e-06,8e-06,2.3e-05,8e-06,1e-05,8e-06,1.3e-05,1.2e-05,3.2e-05,0.02579,1.3e-05,7.000000000000003e-06,1.7e-05,1e-05,1e-05,3.4e-05,1.3e-05,0.026067,12942,12942.0,1606372500.6306903
4.2e-05,5e-06,6e-06,1.8e-05,7.000000000000003e-06,8e-06,6e-06,1e-05,1e-05,2.5e-05,0.013744,8e-06,6e-06,1.4000000000000001e-05,8e-06,7.000000000000003e-06,2.9999999999999997e-05,1.1e-05,0.013965,13416,13416.0,1606372560.7192152
5.3e-05,7.000000000000003e-06,8e-06,2.2e-05,9e-06,2.6e-05,9e-06,1.6e-05,1.5e-05,3.8e-05,0.019015,9e-06,6e-06,1.3e-05,8e-06,7.000000000000003e-06,2.9e-05,1.2e-05,0.019302,13878,13878.0,1606372620.8104453
4.1e-05,6e-06,6e-06,1.9e-05,6e-06,8e-06,7.000000000000003e-06,1e-05,1e-05,2.6000000000000002e-05,0.015872999999999998,1.1e-05,6e-06,1.3000000000000001e-05,9e-06,7.000000000000003e-06,3.1e-05,1.2e-05,0.016101,13936,13936.0,1606372680.8970127
4.2e-05,6e-06,8e-06,2e-05,7.000000000000003e-06,8e-06,7.000000000000003e-06,1e-05,1e-05,2.6e-05,0.015341,1e-05,5e-06,1.3e-05,8e-06,7.000000000000003e-06,2.9e-05,1.1e-05,0.015568,14380,14380.0,1606372740.9849842
5.2000000000000004e-05,7.000000000000003e-06,8e-06,2.3e-05,8e-06,1e-05,8e-06,1.2e-05,1.3000000000000001e-05,3.2e-05,0.030181,1.7e-05,7.000000000000003e-06,1.7e-05,1.1e-05,9e-06,3.8e-05,1.4000000000000001e-05,0.030467,14824,14824.0,1606372801.057446
5.2e-05,7.000000000000003e-06,8e-06,2.3e-05,8e-06,1e-05,8e-06,1.2e-05,1.3e-05,3.1e-05,0.031823000000000004,1.7e-05,8e-06,2.1e-05,3.2e-05,1e-05,3.9e-05,1.4e-05,0.032136,15293,15293.0,1606372861.1108465
5e-05,7.000000000000003e-06,8e-06,2.3e-05,8e-06,1e-05,7.000000000000003e-06,1.3000000000000001e-05,1.2e-05,3.2e-05,0.033666,1.4000000000000001e-05,7.000000000000003e-06,2.1e-05,2.7000000000000002e-05,1.1e-05,3.5e-05,1.3000000000000001e-05,0.033964,15729,15729.0,1606372921.2224915
5.1e-05,7.000000000000003e-06,8e-06,2.3e-05,8e-06,1e-05,8e-06,1.3e-05,1.2e-05,3.1e-05,0.033507,1.4e-05,7.000000000000003e-06,2e-05,4.2e-05,1e-05,3.9e-05,3e-05,0.033839999999999995,16162,16162.0,1606372981.3287964
5.1e-05,7.000000000000003e-06,8e-06,2.3e-05,9e-06,1.1e-05,8e-06,1.2e-05,1.2e-05,3.2e-05,0.035071,1.8e-05,8e-06,2.1e-05,3.9e-05,1.1e-05,4e-05,1.4999999999999999e-05,0.035396,16583,16583.0,1606373041.4441116
5.400000000000001e-05,1.4e-05,8e-06,2.4e-05,9e-06,1.1e-05,8e-06,1.3e-05,1.3e-05,3.2e-05,0.026524,1e-05,6e-06,1.6e-05,2.4e-05,8e-06,3.1e-05,1.1e-05,0.026816000000000003,17408,17408.0,1606373101.5479825
5e-05,7.000000000000003e-06,8e-06,2.2e-05,8e-06,1e-05,7.000000000000003e-06,1.2e-05,1.1e-05,2.9999999999999997e-05,0.032859,1.6e-05,5e-06,1.6e-05,3.2e-05,7.000000000000003e-06,3.2e-05,1e-05,0.033142000000000005,17822,17822.0,1606373161.6589322
5.3e-05,8e-06,9e-06,2.3e-05,8e-06,1.1e-05,8e-06,1.2e-05,1.2e-05,3.1e-05,0.037212,1.8e-05,7.000000000000003e-06,2.2e-05,4.2e-05,1.1e-05,4.1e-05,1.4e-05,0.037542,18228,18228.0,1606373221.7741725
4.2e-05,5e-06,6e-06,1.8e-05,6e-06,8e-06,6e-06,1e-05,9e-06,2.5e-05,0.019749,1.1e-05,5e-06,1.4999999999999999e-05,2.8000000000000013e-05,7.000000000000003e-06,3.1e-05,2.7000000000000002e-05,0.020008,18629,18629.0,1606373281.869717
5.1e-05,7.000000000000003e-06,7.000000000000003e-06,2.2e-05,9e-06,1e-05,7.000000000000003e-06,1.2e-05,1.2e-05,3e-05,0.038406,1.9e-05,7.000000000000003e-06,2.2e-05,4.1e-05,1e-05,4e-05,1.4e-05,0.038726,19026,19026.0,1606373341.983467
5.2000000000000004e-05,7.000000000000003e-06,8e-06,2.4e-05,9e-06,1e-05,8e-06,1.3000000000000001e-05,1.3000000000000001e-05,3.2e-05,0.039193,1.7e-05,7.000000000000003e-06,2e-05,4.8e-05,1e-05,3.9e-05,1.3000000000000001e-05,0.039523,19312,19312.0,1606373402.0966942
5.2e-05,7.000000000000003e-06,8e-06,2.2e-05,8e-06,1.1e-05,8e-06,1.3e-05,1.2e-05,3.3e-05,0.040266,1.6e-05,8e-06,2.1e-05,4.1e-05,1e-05,3.5e-05,1.3e-05,0.040584,19701,19701.0,1606373462.2102098
5.1e-05,7.000000000000003e-06,7.000000000000003e-06,2.2e-05,9e-06,1e-05,8e-06,1.2e-05,1.2e-05,3.1e-05,0.041281,1.8e-05,7.000000000000003e-06,2.2e-05,4.7e-05,1e-05,4.1e-05,2.9999999999999997e-05,0.041625,20083,20083.0,1606373522.329995
4.9e-05,7.000000000000003e-06,8e-06,2.3e-05,8e-06,1e-05,8e-06,1.3e-05,1.2e-05,3.1e-05,0.021663,1e-05,6e-06,1.5e-05,3.7e-05,8e-06,4.8e-05,2.7e-05,0.021983000000000003,20464,20464.0,1606373582.4264302
5.400000000000001e-05,7.000000000000003e-06,8e-06,2.5e-05,9e-06,1.1e-05,7.000000000000003e-06,1.3000000000000001e-05,1.3000000000000001e-05,3.2e-05,0.042393,1.7e-05,7.000000000000003e-06,2.2e-05,4.6e-05,1e-05,3.7e-05,1.4000000000000001e-05,0.042725,20845,20845.0,1606373642.5158994
6.500000000000001e-05,9e-06,1.2e-05,3.9e-05,1.2e-05,1.4e-05,1.1e-05,1.8e-05,1.7e-05,4.2e-05,0.026581,1e-05,6e-06,1.7e-05,3.4e-05,8e-06,3.2e-05,1.3e-05,0.02694,21177,21177.0,1606373702.5942125
5.2000000000000004e-05,7.000000000000003e-06,8e-06,2.2e-05,9e-06,1e-05,8e-06,1.3000000000000001e-05,1.2e-05,3.1e-05,0.045187,1.7e-05,7.000000000000003e-06,2.2e-05,5.400000000000001e-05,1.1e-05,3.9e-05,1.4000000000000001e-05,0.045523,21546,21546.0,1606373762.7184892
3.9e-05,6e-06,6e-06,1.7e-05,7.000000000000003e-06,7.000000000000003e-06,6e-06,1e-05,1e-05,2.4e-05,0.022539,1.2e-05,6e-06,1.7e-05,4.1e-05,8e-06,3.2e-05,1.3e-05,0.0228,21912,21912.0,1606373822.8191836
5.2000000000000004e-05,7.000000000000003e-06,8e-06,2.2e-05,8e-06,1e-05,8e-06,1.3000000000000001e-05,1.2e-05,3.1e-05,0.046083,1.7e-05,7.000000000000003e-06,2.1e-05,5.2000000000000004e-05,1e-05,3.7e-05,1.4000000000000001e-05,0.046412,22272,22272.0,1606373882.9432495
6.3e-05,7.000000000000003e-06,9e-06,2.6e-05,9e-06,1.1e-05,9e-06,1.4e-05,1.4e-05,3.5e-05,0.046746,1.8e-05,8e-06,2.2e-05,5.3e-05,1e-05,3.7e-05,1.5e-05,0.047106,22635,22635.0,1606373943.0679483
5.6999999999999996e-05,7.000000000000003e-06,9e-06,2.5e-05,1e-05,1.1e-05,8e-06,1.4000000000000001e-05,1.4000000000000001e-05,3.6e-05,0.024464,1e-05,6e-06,1.6e-05,3.7e-05,9e-06,3.1e-05,1.2e-05,0.024776,22992,22992.0,1606374003.1717982
5e-05,7.000000000000003e-06,7.000000000000003e-06,2.1e-05,8e-06,9e-06,7.000000000000003e-06,1.2e-05,1.2e-05,2.9e-05,0.04874,1.3e-05,7.000000000000003e-06,2e-05,5e-05,1e-05,5.3e-05,2.9e-05,0.049084,23348,23348.0,1606374063.2968054
5.3e-05,7.000000000000003e-06,8e-06,2.2e-05,9e-06,1e-05,8e-06,1.2e-05,1.2e-05,3.1e-05,0.04844,1.7e-05,7.000000000000003e-06,2.1e-05,5.6999999999999996e-05,1e-05,3.8e-05,1.4000000000000001e-05,0.048776,23704,23704.0,1606374123.4252114
5.5e-05,8e-06,7.000000000000003e-06,2e-05,7.000000000000003e-06,1e-05,8e-06,1.4e-05,1.3e-05,3.4e-05,0.047986,2e-05,7.000000000000003e-06,2.1e-05,5e-05,1e-05,3.7e-05,3e-05,0.048337,24054,24054.0,1606374183.5529735
3.9e-05,5e-06,6e-06,1.6e-05,7.000000000000003e-06,8e-06,5e-06,1e-05,9e-06,2.4e-05,0.025041,1.1e-05,6e-06,1.6e-05,4.9e-05,8e-06,3.2e-05,1.1e-05,0.025303,24401,24401.0,1606374243.6505725
4.3e-05,6e-06,7.000000000000003e-06,1.9e-05,7.000000000000003e-06,8e-06,6e-06,1e-05,9e-06,2.5e-05,0.047093,2e-05,7.000000000000003e-06,2.3e-05,7.3e-05,1e-05,3.8e-05,1.4e-05,0.047418,24749,24749.0,1606374303.772904
5.600000000000001e-05,7.000000000000003e-06,8e-06,2.3e-05,8e-06,1e-05,8e-06,1.3000000000000001e-05,1.3000000000000001e-05,3.3e-05,0.027938,1.4000000000000001e-05,6e-06,1.7e-05,4.3e-05,9e-06,3.2e-05,1.2e-05,0.02825,25088,25088.0,1606374363.8775744
5.1e-05,7.000000000000003e-06,8e-06,2.1e-05,9e-06,1e-05,7.000000000000003e-06,1.2e-05,1.3e-05,3.1e-05,0.052193,1.7e-05,7.000000000000003e-06,2e-05,5.600000000000001e-05,9e-06,3.6e-05,1.4e-05,0.052521000000000005,25432,25432.0,1606374424.004628
5.400000000000001e-05,6e-06,7.000000000000003e-06,2.2e-05,9e-06,1.1e-05,7.000000000000003e-06,1.2e-05,1.2e-05,3.2e-05,0.027608999999999998,1.2e-05,6e-06,1.7e-05,4.7e-05,8e-06,3.4e-05,1.1e-05,0.027916000000000003,25768,25768.0,1606374484.063504
5e-05,7.000000000000003e-06,7.000000000000003e-06,2.2e-05,8e-06,9e-06,8e-06,1.3e-05,1.2e-05,3e-05,0.053558,1.7e-05,7.000000000000003e-06,2.1e-05,7.4e-05,1.2e-05,3.8e-05,1.5e-05,0.053908000000000005,26153,26153.0,1606374544.1948078
5.400000000000001e-05,7.000000000000003e-06,8e-06,2.3e-05,9e-06,1e-05,8e-06,1.3000000000000001e-05,1.3000000000000001e-05,3.1e-05,0.053235000000000005,1.6e-05,8e-06,2e-05,6.3e-05,1.1e-05,3.8e-05,1.3000000000000001e-05,0.053579999999999996,26486,26486.0,1606374604.328982
5.1e-05,7.000000000000003e-06,8e-06,2.2e-05,8e-06,1e-05,7.000000000000003e-06,1.2e-05,1.3e-05,3.1e-05,0.056078,1.9e-05,7.000000000000003e-06,2.2e-05,7.5e-05,1.1e-05,3.6e-05,1.4e-05,0.056431,26819,26819.0,1606374664.4651935
6.8e-05,7.000000000000003e-06,9e-06,2.5e-05,9e-06,1e-05,9e-06,1.4000000000000001e-05,1.3000000000000001e-05,3.5e-05,0.054501999999999995,1.7e-05,8e-06,2.4e-05,6.2e-05,1.1e-05,4e-05,1.4999999999999999e-05,0.054877999999999996,27143,27143.0,1606374724.5998898
5.1e-05,7.000000000000003e-06,7.000000000000003e-06,2.3e-05,8e-06,1e-05,8e-06,1.2e-05,1.3e-05,3e-05,0.056012,1.8e-05,7.000000000000003e-06,2.6e-05,0.000124,1.1e-05,3.9e-05,1.4e-05,0.05642000000000001,27466,27466.0,1606374784.7375321
4.5e-05,6e-06,7.000000000000003e-06,2e-05,7.000000000000003e-06,9e-06,7.000000000000003e-06,1.2e-05,1.1e-05,2.8000000000000013e-05,0.029051999999999998,1.1e-05,6e-06,1.7e-05,4.5e-05,9e-06,3.3e-05,1.4000000000000001e-05,0.029338999999999997,27789,27789.0,1606374844.8501868
4.8e-05,7.000000000000003e-06,8e-06,2.1e-05,8e-06,9e-06,7.000000000000003e-06,1.2e-05,1.2e-05,2.9e-05,0.035981,1.7e-05,7.000000000000003e-06,1.9e-05,5.7e-05,1.1e-05,3.5e-05,1.4e-05,0.036302,28108,28108.0,1606374904.9648345
5.400000000000001e-05,7.000000000000003e-06,8e-06,2.3e-05,1.4999999999999999e-05,1e-05,8e-06,1.3000000000000001e-05,1.3000000000000001e-05,3.3e-05,0.058784,2e-05,7.000000000000003e-06,2.1e-05,8.3e-05,1.1e-05,3.8e-05,1.4000000000000001e-05,0.059162,28427,28427.0,1606374965.1003554
5.1e-05,7.000000000000003e-06,8e-06,2.2e-05,8e-06,1e-05,8e-06,1.2e-05,1.2e-05,3.2e-05,0.058924,1.9e-05,7.000000000000003e-06,2.1e-05,7.4e-05,1.1e-05,4e-05,1.5e-05,0.059280999999999986,28747,28747.0,1606375025.233581
5.1e-05,7.000000000000003e-06,8e-06,2.3e-05,9e-06,1e-05,8e-06,1.3000000000000001e-05,1.3000000000000001e-05,3.2e-05,0.059413,2.2e-05,8e-06,2.4e-05,8.7e-05,1.3000000000000001e-05,4.2e-05,1.6e-05,0.059799,29111,29111.0,1606375085.372832
5.3e-05,7.000000000000003e-06,7.000000000000003e-06,2.2e-05,8e-06,1e-05,8e-06,1.2e-05,1.2e-05,3e-05,0.062392,2e-05,8e-06,2.3e-05,8e-05,1.2e-05,3.9e-05,3.2e-05,0.062775,29422,29422.0,1606375145.5123448
5.9e-05,9e-06,1e-05,2.5e-05,9e-06,1.2e-05,9e-06,1.4999999999999999e-05,1.4000000000000001e-05,3.7e-05,0.035761,1.4999999999999999e-05,7.000000000000003e-06,1.7e-05,5.7999999999999994e-05,1e-05,3.7e-05,1.3000000000000001e-05,0.036117,29731,29731.0,1606375205.6295693
5.2e-05,7.000000000000003e-06,7.000000000000003e-06,2.2e-05,9e-06,9e-06,8e-06,1.2e-05,1.3e-05,3.1e-05,0.061443,1.9e-05,7.000000000000003e-06,2.4e-05,9.2e-05,1.1e-05,4e-05,1.4e-05,0.061820000000000014,30043,30043.0,1606375265.7707806
5.400000000000001e-05,7.000000000000003e-06,8e-06,2.3e-05,8e-06,1e-05,8e-06,1.3000000000000001e-05,1.3000000000000001e-05,3.2e-05,0.062079999999999996,2e-05,9e-06,2.4e-05,8.7e-05,1.3000000000000001e-05,3.7e-05,1.7e-05,0.062463,30351,30351.0,1606375325.915627
7.3e-05,1e-05,1e-05,3.2e-05,1.1e-05,1.4e-05,1.2e-05,2.2e-05,1.9e-05,4.9e-05,0.036687,1.9e-05,7.000000000000003e-06,3.6e-05,6.500000000000001e-05,9e-06,3.4e-05,1.4e-05,0.037123,30659,30659.0,1606375386.034561
5.1e-05,7.000000000000003e-06,8e-06,2.4e-05,8e-06,1e-05,8e-06,1.3000000000000001e-05,1.3000000000000001e-05,3.3e-05,0.036829,1.4000000000000001e-05,6e-06,1.8e-05,6.8e-05,1e-05,3.6e-05,1.2e-05,0.037168,30958,30958.0,1606375446.1505485
5.2e-05,7.000000000000003e-06,8e-06,2.2e-05,9e-06,9e-06,8e-06,1.3e-05,1.3e-05,3.2e-05,0.066367,2e-05,8e-06,2.2e-05,9.2e-05,1.2e-05,3.8e-05,1.6e-05,0.066748,31256,31256.0,1606375506.2962155
3.9e-05,6e-06,8e-06,1.7e-05,7.000000000000003e-06,8e-06,7.000000000000003e-06,9e-06,9e-06,2.4e-05,0.055244000000000015,1.4000000000000001e-05,8e-06,2.2e-05,9.300000000000001e-05,1.2e-05,3.7e-05,1.4999999999999999e-05,0.055578999999999996,31553,31553.0,1606375566.4297848
5.3e-05,7.000000000000003e-06,8e-06,2.3e-05,8e-06,1.1e-05,8e-06,1.2e-05,1.2e-05,3.3e-05,0.043684,1.9e-05,7.000000000000003e-06,2.2e-05,9.2e-05,1.1e-05,3.8e-05,1.3e-05,0.044061,31849,31849.0,1606375626.5534425
4.1e-05,5e-06,7.000000000000003e-06,1.7e-05,6e-06,8e-06,6e-06,9e-06,1e-05,2.4e-05,0.032549,1.4000000000000001e-05,6e-06,1.8e-05,6.2e-05,1e-05,3.2e-05,1.2e-05,0.032836000000000004,32141,32141.0,1606375686.6489296
5.1e-05,8e-06,8e-06,2.3e-05,1.7e-05,1.1e-05,8e-06,1.3e-05,1.3e-05,3.2e-05,0.06720599999999999,2e-05,7.000000000000003e-06,2.1e-05,9e-05,1.2e-05,3.7e-05,3.1e-05,0.067608,32301,32301.0,1606375746.7902012
8.6e-05,1.2e-05,1.3000000000000001e-05,4e-05,1.4000000000000001e-05,1.8e-05,1.3000000000000001e-05,2.2e-05,2.1e-05,5.600000000000001e-05,0.070823,2.1e-05,1.1e-05,2.6000000000000002e-05,0.00011100000000000001,1.2e-05,4.1e-05,1.4999999999999999e-05,0.071355,32592,32592.0,1606375806.9371588
6.2e-05,7.000000000000003e-06,9e-06,2.7e-05,9e-06,1.1e-05,8e-06,1.3e-05,1.4e-05,3.5e-05,0.06815800000000001,1.9e-05,8e-06,2.3e-05,9.6e-05,1.1e-05,5.7e-05,2.9e-05,0.068596,32881,32881.0,1606375867.0854366
3.8e-05,5e-06,6e-06,1.7e-05,7.000000000000003e-06,8e-06,6e-06,1e-05,9e-06,2.4e-05,0.035129,1.4000000000000001e-05,6e-06,1.7e-05,6.500000000000001e-05,8e-06,3.1e-05,1.1e-05,0.035411,33171,33171.0,1606375927.20249
5.2e-05,7.000000000000003e-06,8e-06,2.3e-05,8e-06,1e-05,8e-06,1.3e-05,1.2e-05,3.2e-05,0.051901,1.8e-05,6e-06,1.9e-05,8.7e-05,1e-05,3.7e-05,1.3e-05,0.052264,33461,33461.0,1606375987.333104
5.3e-05,7.000000000000003e-06,7.000000000000003e-06,2.3e-05,8e-06,1e-05,8e-06,1.3000000000000001e-05,1.3000000000000001e-05,3.9e-05,0.06963899999999999,1.4999999999999999e-05,7.000000000000003e-06,4e-05,0.00010700000000000001,1.1e-05,3.6e-05,2.8999999999999997e-05,0.070065,33748,33748.0,1606376047.4793262
5.3e-05,7.000000000000003e-06,7.000000000000003e-06,2.1e-05,9e-06,1e-05,7.000000000000003e-06,1.2e-05,1.3e-05,3.2e-05,0.069274,2e-05,7.000000000000003e-06,2.1e-05,9.3e-05,1.1e-05,3.5e-05,1.4e-05,0.069646,34032,34032.0,1606376107.6292744
3.7e-05,5e-06,6e-06,1.7e-05,6e-06,8e-06,7.000000000000003e-06,1e-05,9e-06,2.3e-05,0.036291000000000004,1.4000000000000001e-05,6e-06,1.7e-05,6.500000000000001e-05,9e-06,3.4e-05,2.8000000000000013e-05,0.036592,34313,34313.0,1606376167.693383
4e-05,6e-06,6e-06,1.7e-05,6e-06,8e-06,6e-06,1e-05,9e-06,2.4e-05,0.035286,1.6e-05,6e-06,1.6e-05,6.3e-05,9e-06,3.3e-05,2.6e-05,0.035587,34590,34590.0,1606376227.8037665
5.2000000000000004e-05,8e-06,8e-06,2.3e-05,9e-06,1e-05,9e-06,1.3000000000000001e-05,1.2e-05,3.1e-05,0.071523,1.9e-05,8e-06,2.2e-05,9.1e-05,1.1e-05,4.1e-05,1.4999999999999999e-05,0.071905,34864,34864.0,1606376287.9572155
3.9e-05,6e-06,6e-06,1.7e-05,7.000000000000003e-06,8e-06,6e-06,1e-05,9e-06,2.5e-05,0.059611,1.8e-05,7.000000000000003e-06,2.2e-05,0.000103,1.1e-05,3.6e-05,1.5e-05,0.059956,35141,35141.0,1606376348.0693266
5.2000000000000004e-05,7.000000000000003e-06,8e-06,3.3e-05,9e-06,1e-05,8e-06,1.2e-05,1.4000000000000001e-05,3.1e-05,0.06585,1.4999999999999999e-05,6e-06,1.8e-05,6.8e-05,9e-06,3.2e-05,1.4000000000000001e-05,0.066196,35410,35410.0,1606376408.2094665
4.1e-05,5e-06,6e-06,1.8e-05,6e-06,9e-06,6e-06,9e-06,9e-06,2.4e-05,0.03929,1.5e-05,7.000000000000003e-06,1.8e-05,6.8e-05,1e-05,3.5e-05,1.3e-05,0.039589,35684,35684.0,1606376468.2767932
5.2000000000000004e-05,7.000000000000003e-06,8e-06,2.2e-05,8e-06,1e-05,7.000000000000003e-06,1.2e-05,1.2e-05,3.2e-05,0.073687,2e-05,9e-06,2.3e-05,0.000113,1.4000000000000001e-05,3.9e-05,1.7e-05,0.07409199999999999,35942,35942.0,1606376528.427268
5.1e-05,7.000000000000003e-06,7.000000000000003e-06,2.2e-05,9e-06,9e-06,7.000000000000003e-06,1.4e-05,1.3e-05,3.1e-05,0.07406,1.7e-05,7.000000000000003e-06,2.1e-05,0.000132,1.2e-05,3.7e-05,1.4e-05,0.07447000000000001,36219,36219.0,1606376588.5671706
5.1e-05,7.000000000000003e-06,7.000000000000003e-06,2.4e-05,9e-06,1e-05,8e-06,1.3000000000000001e-05,1.3000000000000001e-05,3.2e-05,0.07596900000000001,2e-05,2.5e-05,2.2e-05,0.00011499999999999999,1e-05,3.7e-05,1.4000000000000001e-05,0.076386,36490,36490.0,1606376648.725312
6.8e-05,8e-06,8e-06,2.3e-05,9e-06,1.1e-05,7.000000000000003e-06,1.3e-05,1.4e-05,3.3e-05,0.076285,2.4e-05,9e-06,2.8000000000000013e-05,0.000122,1.4e-05,4.5e-05,1.8e-05,0.076739,36761,36761.0,1606376708.877668
5.2000000000000004e-05,7.000000000000003e-06,8e-06,2.2e-05,9e-06,1e-05,8e-06,1.2e-05,1.3000000000000001e-05,3.2e-05,0.07421900000000001,2.1e-05,8e-06,2.5e-05,0.000123,1.4000000000000001e-05,4.3e-05,1.7e-05,0.074643,37029,37029.0,1606376769.0365212
5.2e-05,7.000000000000003e-06,8e-06,2.2e-05,8e-06,1e-05,8e-06,1.2e-05,1.3e-05,3.2e-05,0.076525,1.8e-05,7.000000000000003e-06,2.1e-05,0.000125,1e-05,3.5e-05,1.4e-05,0.076927,37294,37294.0,1606376829.1943905
5.2000000000000004e-05,7.000000000000003e-06,8e-06,2.2e-05,9e-06,1e-05,8e-06,1.3000000000000001e-05,1.3000000000000001e-05,3.2e-05,0.076361,1.8e-05,8e-06,2.2e-05,0.0001,1.2e-05,3.8e-05,1.4000000000000001e-05,0.07674700000000001,37562,37562.0,1606376889.3011966
5.3e-05,7.000000000000003e-06,8e-06,2.2e-05,8e-06,1e-05,8e-06,1.2e-05,1.2e-05,3.2e-05,0.076921,2e-05,7.000000000000003e-06,2.1e-05,0.000107,1.1e-05,3.9e-05,3e-05,0.077328,37827,37827.0,1606376949.4520793
5e-05,7.000000000000003e-06,8e-06,2.3e-05,8e-06,1.1e-05,8e-06,1.3000000000000001e-05,1.3000000000000001e-05,3.1e-05,0.07814,1.6e-05,7.000000000000003e-06,2.2e-05,0.0001,1.1e-05,3.8e-05,1.4000000000000001e-05,0.07852,38088,38088.0,1606377009.6080346
5.3e-05,7.000000000000003e-06,8e-06,2.3e-05,8e-06,1e-05,8e-06,1.2e-05,1.3e-05,3.1e-05,0.05564500000000002,2e-05,6e-06,1.8e-05,7.5e-05,1e-05,3.5e-05,1.2e-05,0.055994,38351,38351.0,1606377069.7445252
4e-05,5e-06,6e-06,1.7e-05,7.000000000000003e-06,8e-06,6e-06,9e-06,9e-06,2.3e-05,0.039831,1.8e-05,6e-06,2e-05,8.7e-05,9e-06,3.2e-05,1.2e-05,0.040145,38613,38613.0,1606377129.800128
5.2e-05,7.000000000000003e-06,8e-06,2.2e-05,8e-06,1e-05,8e-06,1.3e-05,1.3e-05,3.1e-05,0.07989199999999999,2.1e-05,8e-06,2.2e-05,0.000122,1.3e-05,3.5e-05,1.5e-05,0.0803,38871,38871.0,1606377189.964345
5.2000000000000004e-05,7.000000000000003e-06,8e-06,2.3e-05,9e-06,1.1e-05,7.000000000000003e-06,1.3000000000000001e-05,1.3000000000000001e-05,3.1e-05,0.081584,1.8e-05,8e-06,2.2e-05,0.00011100000000000001,1.1e-05,3.7e-05,1.4000000000000001e-05,0.081979,39123,39123.0,1606377250.1272342
5.3e-05,8e-06,8e-06,2.2e-05,8e-06,1e-05,8e-06,1.2e-05,1.3e-05,3.1e-05,0.080814,2.3e-05,8e-06,2.4e-05,0.000125,1.3e-05,4.1e-05,1.6e-05,0.081237,39383,39383.0,1606377310.2905095
4.8e-05,6e-06,7.000000000000003e-06,2.1e-05,8e-06,9e-06,7.000000000000003e-06,1.2e-05,1.1e-05,2.9999999999999997e-05,0.06559,1.9e-05,7.000000000000003e-06,2.3e-05,0.000123,1.1e-05,3.4e-05,1.4999999999999999e-05,0.065981,39637,39637.0,1606377370.4393678
5.2e-05,7.000000000000003e-06,8e-06,2.3e-05,8e-06,1e-05,8e-06,1.4e-05,1.3e-05,3.2e-05,0.082595,1.8e-05,8e-06,2.1e-05,0.000132,1e-05,3.5e-05,1.4e-05,0.083008,39929,39929.0,1606377430.6046405
5.1e-05,7.000000000000003e-06,8e-06,2.3e-05,9e-06,9e-06,8e-06,1.3000000000000001e-05,1.3000000000000001e-05,3.2e-05,0.06277,1.8e-05,6e-06,2e-05,7.4e-05,1e-05,3.4e-05,1.2e-05,0.06311699999999999,40184,40184.0,1606377490.7523868
4.2e-05,5e-06,6e-06,1.8e-05,7.000000000000003e-06,8e-06,6e-06,1e-05,9e-06,2.5e-05,0.065399,1.8e-05,8e-06,2.2e-05,0.000134,1e-05,4e-05,1.4e-05,0.06578099999999999,40440,40440.0,1606377550.9010005
5.3e-05,8e-06,8e-06,2.3e-05,9e-06,1e-05,8e-06,1.3000000000000001e-05,1.3000000000000001e-05,3.3e-05,0.084347,1.8e-05,7.000000000000003e-06,2e-05,0.000133,1e-05,3.7e-05,1.3000000000000001e-05,0.084763,40691,40691.0,1606377611.0607948
5e-05,1.2e-05,7.000000000000003e-06,2.2e-05,8e-06,1e-05,7.000000000000003e-06,1.2e-05,1.2e-05,3.1e-05,0.082248,1.8e-05,7.000000000000003e-06,2.2e-05,0.000149,1e-05,3.6e-05,1.4e-05,0.082675,40942,40942.0,1606377671.2218964
6.500000000000001e-05,1e-05,1.2e-05,3.8e-05,1.4000000000000001e-05,1.6e-05,1.2e-05,2.1e-05,2.1e-05,5.2000000000000004e-05,0.090039,1.8e-05,7.000000000000003e-06,2.2e-05,0.000156,1.1e-05,3.9e-05,1.4000000000000001e-05,0.090567,41188,41188.0,1606377731.3978515
6.6e-05,9e-06,1e-05,3.2e-05,1.1e-05,1.4e-05,1.1e-05,1.8e-05,1.7e-05,4.5e-05,0.046938,1.6e-05,7.000000000000003e-06,1.8e-05,8.1e-05,9e-06,3.5e-05,1.3e-05,0.04735,41440,41440.0,1606377791.5249586
5.5e-05,2.1e-05,8e-06,2.3e-05,9e-06,1.1e-05,1.4000000000000001e-05,1.3000000000000001e-05,1.3000000000000001e-05,3.3e-05,0.085698,2.1e-05,7.000000000000003e-06,2.5e-05,0.000146,1.2e-05,3.7e-05,1.4000000000000001e-05,0.08616,41692,41692.0,1606377851.6956651
5.3e-05,8e-06,9e-06,2.4e-05,9e-06,1.1e-05,8e-06,1.3e-05,1.4e-05,3.3e-05,0.086175,2.1e-05,9e-06,2.7e-05,0.00016,1.3e-05,4e-05,1.7e-05,0.086644,41934,41934.0,1606377911.8643286
4.1e-05,6e-06,6e-06,1.9e-05,7.000000000000003e-06,8e-06,7.000000000000003e-06,1e-05,1e-05,2.5e-05,0.071564,2.1e-05,8e-06,2.6000000000000002e-05,0.000122,1.4000000000000001e-05,4.5e-05,1.6e-05,0.07195499999999999,42178,42178.0,1606377972.021052
5.2e-05,8e-06,8e-06,2.3e-05,8e-06,1e-05,8e-06,1.3e-05,1.2e-05,3.1e-05,0.087769,1.9e-05,8e-06,2.2e-05,0.000134,1.1e-05,3.8e-05,3e-05,0.08820399999999999,42413,42413.0,1606378032.1940825
5.1e-05,7.000000000000003e-06,7.000000000000003e-06,2.2e-05,9e-06,1e-05,8e-06,1.3000000000000001e-05,1.3000000000000001e-05,3.3e-05,0.086937,2.8999999999999997e-05,8e-06,2.1e-05,0.000167,1.2e-05,3.7e-05,1.4000000000000001e-05,0.087398,42653,42653.0,1606378092.3649745
7.3e-05,8e-06,8e-06,2.6e-05,8e-06,1.2e-05,8e-06,1.4e-05,1.3e-05,3.5e-05,0.086672,1.8e-05,8e-06,2.2e-05,0.000132,1.2e-05,4.1e-05,1.5e-05,0.087125,42899,42899.0,1606378152.5338676
5.1e-05,8e-06,8e-06,2.2e-05,8e-06,1.1e-05,8e-06,1.3000000000000001e-05,1.2e-05,3.2e-05,0.08871699999999999,1.9e-05,8e-06,2.2e-05,0.000153,1e-05,3.9e-05,1.4000000000000001e-05,0.089155,43147,43147.0,1606378212.690324
5.400000000000001e-05,7.000000000000003e-06,9e-06,2.3e-05,9e-06,1e-05,9e-06,1.3e-05,1.3e-05,3.3e-05,0.08983200000000001,2e-05,9e-06,2.5e-05,0.000146,1.4e-05,4.3e-05,1.7e-05,0.090286,43388,43388.0,1606378272.8638356
5.2000000000000004e-05,7.000000000000003e-06,7.000000000000003e-06,2.2e-05,8e-06,1.1e-05,8e-06,1.2e-05,1.2e-05,3.1e-05,0.088825,1.9e-05,8e-06,2.2e-05,0.000127,1.1e-05,3.6e-05,1.4000000000000001e-05,0.089232,43630,43630.0,1606378333.0324225
5.2e-05,8e-06,8e-06,2.3e-05,9e-06,1e-05,8e-06,1.2e-05,1.2e-05,3.1e-05,0.091109,1.9e-05,8e-06,2.3e-05,0.000143,1.1e-05,3.8e-05,3.1e-05,0.091555,43862,43862.0,1606378393.2089381
6.9e-05,9e-06,1.2e-05,3.3e-05,1.2e-05,1.4000000000000001e-05,1.2e-05,1.9e-05,1.8e-05,4.7e-05,0.048944999999999995,1.4999999999999999e-05,7.000000000000003e-06,1.8e-05,9.1e-05,9e-06,3.1e-05,1.2e-05,0.049373,44103,44103.0,1606378453.3390462
5.3e-05,7.000000000000003e-06,9e-06,2.4e-05,9e-06,1e-05,9e-06,1.4e-05,1.2e-05,3.3e-05,0.091884,2.2e-05,9e-06,2.7e-05,0.000176,1.4e-05,4.3e-05,1.8e-05,0.092373,44159,44159.0,1606378513.5138788
5e-05,7.000000000000003e-06,8e-06,2.2e-05,9e-06,1e-05,7.000000000000003e-06,1.3000000000000001e-05,1.2e-05,3.1e-05,0.07226,1.6e-05,6e-06,1.8e-05,9.8e-05,8e-06,3.1e-05,1.2e-05,0.07261799999999999,44394,44394.0,1606378573.6699994
5.3e-05,8e-06,9e-06,2.7e-05,9e-06,1.2e-05,9e-06,1.5e-05,1.5e-05,3.8e-05,0.053151,1.7e-05,7.000000000000003e-06,2.1e-05,0.000108,9e-06,3e-05,1.3e-05,0.053551,44631,44631.0,1606378633.8029807
4.4e-05,6e-06,7.000000000000003e-06,2.1e-05,7.000000000000003e-06,9e-06,7.000000000000003e-06,1.1e-05,1.1e-05,2.8999999999999997e-05,0.045683,1.4000000000000001e-05,6e-06,1.8e-05,8.6e-05,1e-05,3.1e-05,1.2e-05,0.046012,44862,44862.0,1606378693.9318328
4.5e-05,6e-06,7.000000000000003e-06,2e-05,7.000000000000003e-06,9e-06,7.000000000000003e-06,1.1e-05,1.1e-05,2.7e-05,0.055692999999999986,1.9e-05,8e-06,2.1e-05,0.000169,1.1e-05,3.7e-05,1.4e-05,0.056122000000000005,45096,45096.0,1606378754.0664835
5.3e-05,7.000000000000003e-06,7.000000000000003e-06,2.3e-05,8e-06,1.1e-05,7.000000000000003e-06,1.2e-05,1.2e-05,3.1e-05,0.09564299999999999,1.9e-05,8e-06,2.2e-05,0.000147,1.1e-05,3.7e-05,1.3000000000000001e-05,0.096071,45332,45332.0,1606378814.241475
5.5e-05,8e-06,8e-06,2.4e-05,8e-06,1.1e-05,8e-06,1.3e-05,1.2e-05,3.3e-05,0.095108,2e-05,8e-06,2.1e-05,0.000161,1.1e-05,3.5e-05,1.4e-05,0.095558,45568,45568.0,1606378874.417814
4.8e-05,6e-06,6e-06,1.9e-05,7.000000000000003e-06,8e-06,7.000000000000003e-06,1e-05,1.1e-05,2.5e-05,0.047836000000000004,1.7e-05,6e-06,1.8e-05,0.000109,1e-05,3.2e-05,1.3000000000000001e-05,0.048188,45797,45797.0,1606378934.5468702
4.1e-05,5e-06,7.000000000000003e-06,2e-05,7.000000000000003e-06,9e-06,6e-06,1e-05,1e-05,2.5e-05,0.057964,1.7e-05,6e-06,1.8e-05,0.000103,9e-06,3.1e-05,1.4e-05,0.058302,46030,46030.0,1606378994.6801267
4.4e-05,6e-06,7.000000000000003e-06,1.8e-05,7.000000000000003e-06,8e-06,6e-06,1e-05,1e-05,2.4e-05,0.047008999999999995,1.6e-05,6e-06,1.9e-05,0.000121,9e-06,3.3e-05,1.4000000000000001e-05,0.047367,46258,46258.0,1606379054.8106782
5.3e-05,8e-06,9e-06,2.3e-05,8e-06,1e-05,9e-06,1.3e-05,1.3e-05,3.2e-05,0.096913,3.9e-05,9e-06,2.4e-05,0.000185,1.3e-05,4.3e-05,1.7e-05,0.097421,46491,46491.0,1606379114.951006
5.2000000000000004e-05,7.000000000000003e-06,8e-06,2.2e-05,8e-06,9e-06,8e-06,1.3000000000000001e-05,1.2e-05,3.7e-05,0.073616,2.2e-05,8e-06,2.6000000000000002e-05,0.000166,1.4999999999999999e-05,4.3e-05,1.7e-05,0.074089,46716,46716.0,1606379175.1037214
5.1e-05,7.000000000000003e-06,7.000000000000003e-06,2.1e-05,8e-06,1e-05,7.000000000000003e-06,1.2e-05,1.2e-05,2.9e-05,0.083012,1.6e-05,7.000000000000003e-06,2e-05,0.0001,9e-06,3.1e-05,1.4e-05,0.083373,46944,46944.0,1606379235.2732265
3.9e-05,5e-06,6e-06,1.7e-05,6e-06,8e-06,6e-06,1e-05,9e-06,2.4e-05,0.051349,1.7e-05,6e-06,1.7e-05,9.7e-05,1.1e-05,3.3e-05,1.3000000000000001e-05,0.051673000000000004,47168,47168.0,1606379295.3963127
4.2e-05,6e-06,7.000000000000003e-06,1.9e-05,6e-06,8e-06,7.000000000000003e-06,1e-05,1.1e-05,2.5e-05,0.050422,1.5e-05,6e-06,1.9e-05,0.000102,9e-06,3.2e-05,1.3e-05,0.050759,47391,47391.0,1606379355.5315068
4.3e-05,6e-06,8e-06,2.2e-05,8e-06,1e-05,8e-06,1.2e-05,1e-05,2.8999999999999997e-05,0.049712,1.9e-05,6e-06,2.1e-05,0.000122,1.1e-05,3.2e-05,1.6e-05,0.050095,47611,47611.0,1606379415.65588
5.400000000000001e-05,7.000000000000003e-06,9e-06,2.3e-05,8e-06,1.1e-05,8e-06,1.3e-05,1.3e-05,3.3e-05,0.100458,1.8e-05,8e-06,2.6e-05,0.000165,1.4e-05,5.2e-05,1.7e-05,0.100937,47840,47840.0,1606379475.8426495
5.400000000000001e-05,7.000000000000003e-06,8e-06,2.4e-05,9e-06,1e-05,8e-06,1.4000000000000001e-05,1.3000000000000001e-05,3.1e-05,0.098315,2.2e-05,9e-06,2.3e-05,0.00016299999999999998,1.4000000000000001e-05,4.2e-05,1.4999999999999999e-05,0.098781,48066,48066.0,1606379536.0231097
6e-05,8e-06,9e-06,2.7e-05,1e-05,1.2e-05,9e-06,1.5e-05,1.4e-05,3.6e-05,0.071301,3.3e-05,7.000000000000003e-06,2e-05,0.000119,1.1e-05,3.4e-05,1.4e-05,0.071739,48284,48284.0,1606379596.1334882
6.1e-05,9e-06,9e-06,2.6000000000000002e-05,9e-06,1.1e-05,9e-06,1.4000000000000001e-05,1.4000000000000001e-05,3.4e-05,0.099766,1.9e-05,8e-06,2.2e-05,0.000174,1.1e-05,3.8e-05,1.4999999999999999e-05,0.100249,48508,48508.0,1606379656.3180587
4.2e-05,5e-06,6e-06,1.9e-05,7.000000000000003e-06,8e-06,6e-06,1e-05,1e-05,2.5e-05,0.049647,1.8e-05,7.000000000000003e-06,2e-05,0.000107,1.2e-05,3.1e-05,1.7e-05,0.049997,48728,48728.0,1606379716.4501376
5.3e-05,8e-06,8e-06,2.2e-05,8e-06,1.1e-05,8e-06,1.3000000000000001e-05,1.2e-05,3.1e-05,0.101879,2e-05,7.000000000000003e-06,2.2e-05,0.000178,1.1e-05,3.9e-05,1.4999999999999999e-05,0.102345,48953,48953.0,1606379776.6358552
5.3e-05,7.000000000000003e-06,8e-06,2.3e-05,9e-06,1e-05,8e-06,1.3e-05,1.2e-05,3.1e-05,0.101348,2.2e-05,9e-06,2.6e-05,0.000162,1.3e-05,4.6e-05,1.9e-05,0.101819,49170,49170.0,1606379836.8240786
5.7999999999999994e-05,1e-05,9e-06,2.5e-05,1e-05,1.1e-05,9e-06,1.4000000000000001e-05,1.4999999999999999e-05,3.7e-05,0.057293,1.6e-05,6e-06,1.9e-05,0.00010800000000000001,1e-05,3.3e-05,1.3000000000000001e-05,0.057696000000000004,49393,49393.0,1606379896.9659948
5.3e-05,7.000000000000003e-06,8e-06,2.3e-05,9e-06,1e-05,8e-06,1.3e-05,1.3e-05,3.2e-05,0.104131,2.3e-05,9e-06,2.4e-05,0.000154,1.3e-05,4.3e-05,1.6e-05,0.10458900000000004,49613,49613.0,1606379957.1360354
5.3e-05,7.000000000000003e-06,8e-06,2.2e-05,9e-06,1e-05,7.000000000000003e-06,1.3000000000000001e-05,1.3000000000000001e-05,3.2e-05,0.10230299999999999,2.3e-05,9e-06,2.7000000000000002e-05,0.000151,1.3000000000000001e-05,4.7e-05,1.7e-05,0.10276400000000001,49834,49834.0,1606380017.3246806
5.2e-05,8e-06,9e-06,2.2e-05,8e-06,1.1e-05,8e-06,1.2e-05,1.2e-05,3.1e-05,0.057513,1.7e-05,6e-06,2e-05,0.000107,1e-05,3.2e-05,1.2e-05,0.05789,50053,50053.0,1606380077.4694285
5.1e-05,7.000000000000003e-06,8e-06,2.3e-05,8e-06,1e-05,7.000000000000003e-06,1.3000000000000001e-05,1.3000000000000001e-05,3.1e-05,0.106348,2e-05,8e-06,2.3e-05,0.000199,1.1e-05,3.9e-05,1.4999999999999999e-05,0.106834,50267,50267.0,1606380137.6627562
5.5e-05,7.000000000000003e-06,8e-06,2.3e-05,8e-06,1.1e-05,8e-06,1.3e-05,1.2e-05,3.2e-05,0.08065900000000001,1.7e-05,6e-06,1.6e-05,0.0001,9e-06,3e-05,1.5e-05,0.08102899999999999,50481,50481.0,1606380197.8127804
5.400000000000001e-05,7.000000000000003e-06,8e-06,2.2e-05,8e-06,1.1e-05,8e-06,1.2e-05,1.3000000000000001e-05,3.1e-05,0.104584,1.9e-05,7.000000000000003e-06,2.3e-05,0.000171,1.1e-05,3.9e-05,1.6e-05,0.10504400000000001,50697,50697.0,1606380257.9984555
5.2e-05,7.000000000000003e-06,8e-06,2.4e-05,8e-06,1e-05,8e-06,1.3e-05,1.2e-05,3.2e-05,0.102987,2.3e-05,8e-06,2.5e-05,0.0002,1.4e-05,4.3e-05,3.2e-05,0.103506,50910,50910.0,1606380318.1821673
6.2e-05,8e-06,7.000000000000003e-06,2.6000000000000002e-05,9e-06,1.1e-05,8e-06,1.4000000000000001e-05,1.4000000000000001e-05,8e-05,0.108883,2.5e-05,9e-06,2.8000000000000013e-05,0.00018600000000000002,1.4000000000000001e-05,5.2000000000000004e-05,3.5e-05,0.109471,51123,51123.0,1606380378.3759751
5.3e-05,8e-06,8e-06,2.2e-05,9e-06,1.1e-05,8e-06,1.2e-05,1.3e-05,3.1e-05,0.103449,2.3e-05,9e-06,2.7e-05,0.000191,1.4e-05,4.3e-05,3.3e-05,0.103964,51336,51336.0,1606380438.5658836
5.2000000000000004e-05,7.000000000000003e-06,8e-06,2.3e-05,8e-06,1.1e-05,8e-06,1.2e-05,1.2e-05,3.2e-05,0.1067,2e-05,7.000000000000003e-06,2.3e-05,0.00021,1.1e-05,3.5e-05,1.4999999999999999e-05,0.10719400000000001,51548,51548.0,1606380498.760968
6.8e-05,1.1e-05,1.1e-05,3e-05,1.1e-05,1.4e-05,1.1e-05,1.8e-05,1.6e-05,4.3e-05,0.055215,1.6e-05,6e-06,1.7e-05,0.000121,9e-06,3.1e-05,1.1e-05,0.055659,51760,51760.0,1606380558.901691
4.8e-05,7.000000000000003e-06,8e-06,2.1e-05,8e-06,9e-06,7.000000000000003e-06,1.2e-05,1.1e-05,2.9999999999999997e-05,0.071992,1.8e-05,6e-06,1.7e-05,0.00011200000000000001,1e-05,3.2e-05,1.4999999999999999e-05,0.072363,51972,51972.0,1606380619.061216
5.3e-05,8e-06,8e-06,2.3e-05,9e-06,1e-05,8e-06,1.3e-05,1.2e-05,3.3e-05,0.108104,2e-05,7.000000000000003e-06,2.3e-05,0.000231,1.2e-05,3.9e-05,1.5e-05,0.108628,52183,52183.0,1606380679.2507873
5.2000000000000004e-05,8e-06,7.000000000000003e-06,2.1e-05,8e-06,1e-05,7.000000000000003e-06,1.2e-05,1.2e-05,2.9999999999999997e-05,0.09766,1.7e-05,6e-06,1.6e-05,1.8e-05,8e-06,3.4e-05,1.2e-05,0.097938,52389,52389.0,1606380739.4354267
3.9e-05,5e-06,1.3e-05,2e-05,7.000000000000003e-06,9e-06,6e-06,1e-05,1e-05,2.4e-05,0.055197,1.6e-05,6e-06,1.6e-05,2e-05,8e-06,2.9e-05,1.2e-05,0.055447,52600,52600.0,1606380799.5651727
6.4e-05,8e-06,8e-06,2.6000000000000002e-05,9e-06,1.1e-05,9e-06,1.4000000000000001e-05,1.4000000000000001e-05,3.5e-05,0.110614,2.1e-05,8e-06,2.2e-05,3.2e-05,1.3000000000000001e-05,3.5e-05,1.4999999999999999e-05,0.11095799999999999,52801,52801.0,1606380859.7632036
5.2e-05,7.000000000000003e-06,8e-06,2.3e-05,8e-06,1e-05,8e-06,1.3e-05,1.3e-05,3.2e-05,0.109067,2.2e-05,8e-06,2.5e-05,3.9e-05,1.3e-05,4.3e-05,1.7e-05,0.109408,53014,53014.0,1606380919.959232
5.3e-05,7.000000000000003e-06,9e-06,2.3e-05,8e-06,1.1e-05,8e-06,1.3000000000000001e-05,1.2e-05,3.2e-05,0.107874,2.2e-05,7.000000000000003e-06,2.5e-05,4e-05,1.3000000000000001e-05,4.2e-05,3.2e-05,0.108231,53227,53227.0,1606380980.1542132
5.1e-05,7.000000000000003e-06,9e-06,2.2e-05,8e-06,1e-05,8e-06,1.3e-05,1.2e-05,3.2e-05,0.109037,1.9e-05,7.000000000000003e-06,2.2e-05,3.5e-05,1.1e-05,3.6e-05,1.4e-05,0.109353,53430,53430.0,1606381040.3481884
8e-05,8e-06,8e-06,2.4e-05,8e-06,1.3000000000000001e-05,8e-06,1.3000000000000001e-05,1.2e-05,3.3e-05,0.092904,1.8e-05,6e-06,2e-05,2.8999999999999997e-05,1e-05,3.3e-05,1.4999999999999999e-05,0.09324199999999999,53639,53639.0,1606381100.5275776
5.1e-05,6e-06,8e-06,2.2e-05,9e-06,1e-05,8e-06,1.2e-05,1.2e-05,3.1e-05,0.110765,2.1e-05,8e-06,2.1e-05,3.9e-05,1e-05,3.5e-05,1.4e-05,0.111082,53844,53844.0,1606381160.717545
6.2e-05,1e-05,1e-05,2.7000000000000002e-05,1e-05,1.2e-05,1e-05,1.4999999999999999e-05,1.4999999999999999e-05,3.9e-05,0.07374299999999999,2e-05,8e-06,2.1e-05,5.7999999999999994e-05,1e-05,3.9e-05,2.9999999999999997e-05,0.074139,54059,54059.0,1606381220.8781815
5.2e-05,7.000000000000003e-06,8e-06,2.3e-05,8e-06,1e-05,8e-06,1.2e-05,1.2e-05,3.1e-05,0.08694,1.9e-05,7.000000000000003e-06,2.2e-05,3.8e-05,1.2e-05,4.3e-05,1.4e-05,0.087266,54262,54262.0,1606381281.0489163
5.400000000000001e-05,7.000000000000003e-06,9e-06,2.2e-05,9e-06,1e-05,8e-06,1.3000000000000001e-05,1.3000000000000001e-05,3.2e-05,0.11323,1.9e-05,8e-06,2.2e-05,5.9999999999999995e-05,1.3000000000000001e-05,4.1e-05,1.7e-05,0.113587,54418,54418.0,1606381341.2477705
5.3e-05,8e-06,7.000000000000003e-06,2.3e-05,8e-06,1.1e-05,7.000000000000003e-06,1.2e-05,1.2e-05,3.1e-05,0.113792,2.1e-05,8e-06,2.4e-05,4.5e-05,1.2e-05,4.1e-05,1.7e-05,0.114132,54619,54619.0,1606381401.4459548
5.1e-05,7.000000000000003e-06,8e-06,2.2e-05,9e-06,1e-05,7.000000000000003e-06,1.2e-05,1.2e-05,3.1e-05,0.11286600000000001,1.9e-05,7.000000000000003e-06,2.3e-05,4.3e-05,1.1e-05,3.9e-05,1.4999999999999999e-05,0.113192,54828,54828.0,1606381461.6054535
4.3e-05,5e-06,7.000000000000003e-06,1.8e-05,6e-06,8e-06,7.000000000000003e-06,1e-05,1e-05,2.5e-05,0.057613,1.8e-05,6e-06,1.8e-05,3.1e-05,1e-05,3.3e-05,1.7e-05,0.057885,55031,55031.0,1606381521.7417266
4.7e-05,7.000000000000003e-06,7.000000000000003e-06,2e-05,8e-06,1e-05,7.000000000000003e-06,1.1e-05,1.1e-05,2.8000000000000013e-05,0.085126,1.8e-05,7.000000000000003e-06,2.1e-05,3.9e-05,1e-05,3.5e-05,1.3000000000000001e-05,0.085425,55234,55234.0,1606381581.8672268
5.2e-05,7.000000000000003e-06,8e-06,2.3e-05,8e-06,1e-05,8e-06,1.3e-05,1.2e-05,3.2e-05,0.11416,1.6e-05,8e-06,2e-05,3.9e-05,1e-05,3.9e-05,1.5e-05,0.11448,55430,55430.0,1606381642.0604053
5.3e-05,7.000000000000003e-06,8e-06,2.3e-05,8e-06,1e-05,9e-06,1.3000000000000001e-05,1.2e-05,3.2e-05,0.114745,1.8e-05,8e-06,2.1e-05,4.2e-05,1.1e-05,3.7e-05,1.4000000000000001e-05,0.115071,55634,55634.0,1606381702.2574468
5.3e-05,8e-06,8e-06,2.2e-05,8e-06,1e-05,8e-06,1.2e-05,1.2e-05,3.2e-05,0.113256,2e-05,8e-06,2.1e-05,4.2e-05,1.1e-05,3.9e-05,1.5e-05,0.113585,55838,55838.0,1606381762.4573665
5.2000000000000004e-05,8e-06,8e-06,2.3e-05,9e-06,1e-05,8e-06,1.3000000000000001e-05,1.3000000000000001e-05,3.2e-05,0.11115499999999999,2e-05,8e-06,2.4e-05,4.5e-05,1.3000000000000001e-05,3.6e-05,1.6e-05,0.11149300000000001,56045,56045.0,1606381822.6534946
4.2e-05,6e-06,1.1e-05,1.9e-05,6e-06,8e-06,6e-06,1e-05,9e-06,2.8000000000000013e-05,0.057343,3.5e-05,7.000000000000003e-06,1.8e-05,3.2e-05,1e-05,3.3e-05,2.9e-05,0.057652,56244,56244.0,1606381882.7959366
4.2e-05,6e-06,6e-06,2e-05,7.000000000000003e-06,8e-06,7.000000000000003e-06,1.1e-05,1e-05,2.6000000000000002e-05,0.057589,1.6e-05,7.000000000000003e-06,1.7e-05,3.1e-05,9e-06,2.9999999999999997e-05,1.1e-05,0.057852999999999995,56440,56440.0,1606381942.9311402
5.600000000000001e-05,6e-06,7.000000000000003e-06,2e-05,7.000000000000003e-06,9e-06,6e-06,1.3e-05,1.1e-05,2.7e-05,0.06131900000000001,1.7e-05,6e-06,1.9e-05,3.9e-05,9e-06,3e-05,1.2e-05,0.061613,56640,56640.0,1606382003.03108
5.2000000000000004e-05,8e-06,8e-06,2.4e-05,9e-06,1e-05,8e-06,1.4000000000000001e-05,1.3000000000000001e-05,3.2e-05,0.100937,1.8e-05,7.000000000000003e-06,2e-05,3.1e-05,1.1e-05,3.6e-05,1.3000000000000001e-05,0.101251,56840,56840.0,1606382063.2010562
5.2e-05,8e-06,9e-06,2.2e-05,8e-06,1e-05,8e-06,1.2e-05,1.3e-05,3.1e-05,0.06104800000000001,1.6e-05,6e-06,2e-05,3.2e-05,1.1e-05,3.6e-05,1.4e-05,0.061356,57040,57040.0,1606382123.3509462
4.9e-05,7.000000000000003e-06,7.000000000000003e-06,2.2e-05,8e-06,9e-06,7.000000000000003e-06,1.2e-05,1.1e-05,2.8999999999999997e-05,0.095937,1.9e-05,6e-06,1.8e-05,3.3e-05,1.1e-05,4.6e-05,1.4000000000000001e-05,0.09624500000000001,57235,57235.0,1606382183.5238893
5.3e-05,8e-06,8e-06,2.3e-05,8e-06,1.2e-05,8e-06,1.2e-05,1.3e-05,3.1e-05,0.118499,2.1e-05,7.000000000000003e-06,2.4e-05,4.1e-05,1.1e-05,3.9e-05,1.4e-05,0.118832,57428,57428.0,1606382243.7284975
6.9e-05,8e-06,9e-06,2.7000000000000002e-05,8e-06,1.2e-05,8e-06,1.4000000000000001e-05,1.3000000000000001e-05,3.5e-05,0.09561599999999999,1.9e-05,6e-06,1.9e-05,3.2e-05,1e-05,3.4e-05,1.3000000000000001e-05,0.095952,57612,57612.0,1606382303.9079185
5.2e-05,7.000000000000003e-06,7.000000000000003e-06,2.2e-05,9e-06,1e-05,8e-06,1.2e-05,1.2e-05,3.1e-05,0.116832,2.3e-05,8e-06,2.6e-05,4.4e-05,1.4e-05,4.1e-05,1.6e-05,0.117174,57814,57814.0,1606382364.1074786
4.2e-05,5e-06,7.000000000000003e-06,1.9e-05,7.000000000000003e-06,8e-06,6e-06,1e-05,1e-05,2.6000000000000002e-05,0.086962,1.9e-05,8e-06,2.1e-05,4.6e-05,1.1e-05,4e-05,1.6e-05,0.087263,58008,58008.0,1606382424.2820663
4.4e-05,6e-06,6e-06,1.8e-05,7.000000000000003e-06,8e-06,6e-06,1.2e-05,1.3e-05,2.7e-05,0.060598,1.6e-05,7.000000000000003e-06,2.1e-05,3.5e-05,1e-05,3.4e-05,1.4e-05,0.06088200000000001,58200,58200.0,1606382484.4226425
5.1e-05,7.000000000000003e-06,7.000000000000003e-06,2.3e-05,8e-06,1e-05,8e-06,1.3000000000000001e-05,1.2e-05,3.1e-05,0.11774100000000001,2.1e-05,7.000000000000003e-06,2.3e-05,5.1e-05,1.2e-05,4e-05,3.2e-05,0.11809700000000001,58397,58397.0,1606382544.6240506
5.2e-05,8e-06,8e-06,2.4e-05,8e-06,1.1e-05,8e-06,1.3e-05,1.2e-05,3.1e-05,0.120871,2.3e-05,9e-06,2.6e-05,5.5e-05,1.4e-05,4.1e-05,1.7e-05,0.121231,58593,58593.0,1606382604.814283
5.7999999999999994e-05,8e-06,8e-06,2.5e-05,9e-06,1.1e-05,8e-06,1.3000000000000001e-05,1.3000000000000001e-05,3.3e-05,0.12276,1.9e-05,8e-06,2.1e-05,7e-05,1e-05,3.8e-05,2.9999999999999997e-05,0.123142,58783,58783.0,1606382664.9683914
6.3e-05,7.000000000000003e-06,9e-06,2.3e-05,8e-06,1e-05,9e-06,1.3e-05,1.3e-05,3.2e-05,0.12148699999999996,1.7e-05,7.000000000000003e-06,2.1e-05,5e-05,1.1e-05,4.1e-05,1.5e-05,0.121836,58979,58979.0,1606382725.180397
5.2000000000000004e-05,7.000000000000003e-06,8e-06,2.2e-05,8e-06,1.1e-05,8e-06,1.3000000000000001e-05,1.2e-05,3.2e-05,0.122374,1.8e-05,7.000000000000003e-06,2e-05,5.2000000000000004e-05,1e-05,3.6e-05,1.4999999999999999e-05,0.122705,59171,59171.0,1606382785.3927784
4.1e-05,6e-06,6e-06,1.7e-05,7.000000000000003e-06,8e-06,6e-06,1e-05,1e-05,2.6e-05,0.061401,1.8e-05,7.000000000000003e-06,1.8e-05,4.1e-05,1.1e-05,3.4e-05,1.3e-05,0.06168,59367,59367.0,1606382845.543719
5.3e-05,8e-06,8e-06,2.3e-05,9e-06,1e-05,8e-06,1.3000000000000001e-05,1.3000000000000001e-05,3.2e-05,0.123228,1.9e-05,7.000000000000003e-06,2.1e-05,5.3e-05,1.2e-05,4e-05,1.4999999999999999e-05,0.123572,59558,59558.0,1606382905.7538164
5.1e-05,7.000000000000003e-06,9e-06,2.3e-05,8e-06,1e-05,8e-06,1.3e-05,1.2e-05,3.3e-05,0.123818,2.2e-05,8e-06,2.3e-05,5.5e-05,1.3e-05,4.2e-05,1.6e-05,0.124171,59752,59752.0,1606382965.9663308
5.1e-05,7.000000000000003e-06,8e-06,2.3e-05,9e-06,1e-05,7.000000000000003e-06,1.2e-05,1.2e-05,3.1e-05,0.123723,1.4999999999999999e-05,8e-06,2.2e-05,5.5e-05,1.1e-05,4e-05,1.4999999999999999e-05,0.12405899999999999,59944,59944.0,1606383026.1782408
5.3e-05,8e-06,8e-06,2.3e-05,8e-06,1.1e-05,8e-06,1.3e-05,1.3e-05,3.2e-05,0.124501,2e-05,8e-06,2.4e-05,6.1e-05,1e-05,3.5e-05,1.5e-05,0.124851,60130,60130.0,1606383086.391014
5e-05,7.000000000000003e-06,8e-06,2.3e-05,9e-06,1e-05,7.000000000000003e-06,1.2e-05,1.2e-05,3.1e-05,0.125397,1.8e-05,7.000000000000003e-06,2.7000000000000002e-05,5.6999999999999996e-05,1e-05,3.8e-05,1.4999999999999999e-05,0.12573800000000002,60318,60318.0,1606383146.6061544
5.3e-05,8e-06,7.000000000000003e-06,2.3e-05,9e-06,1.8e-05,8e-06,1.3e-05,1.3e-05,3.1e-05,0.119698,1.7e-05,6e-06,1.9e-05,4.1e-05,8e-06,3.2e-05,1.1e-05,0.120015,60565,60565.0,1606383206.8111644
4.7e-05,6e-06,7.000000000000003e-06,2e-05,8e-06,9e-06,7.000000000000003e-06,1.1e-05,1.1e-05,2.8999999999999997e-05,0.085934,1.9e-05,6e-06,1.7e-05,4e-05,9e-06,3.1e-05,1.3000000000000001e-05,0.086224,60758,60758.0,1606383266.9796855
5.1e-05,7.000000000000003e-06,8e-06,2.2e-05,9e-06,1e-05,8e-06,1.2e-05,1.3e-05,3.1e-05,0.124325,1.9e-05,8e-06,2.1e-05,5.9e-05,1.1e-05,4e-05,1.5e-05,0.124669,60941,60941.0,1606383327.183082
4.9e-05,7.000000000000003e-06,8e-06,2.1e-05,7.000000000000003e-06,1.1e-05,7.000000000000003e-06,1.2e-05,1.1e-05,2.8000000000000013e-05,0.08669600000000001,1.7e-05,6e-06,1.9e-05,3.9e-05,9e-06,3.2e-05,1.1e-05,0.08699,61130,61130.0,1606383387.36013
3.8e-05,5e-06,6e-06,1.7e-05,6e-06,8e-06,6e-06,9e-06,1e-05,2.4e-05,0.063961,1.8e-05,7.000000000000003e-06,1.8e-05,4e-05,1e-05,3.1e-05,1.4e-05,0.064228,61313,61313.0,1606383447.5179605
5.3e-05,8e-06,7.000000000000003e-06,2.3e-05,8e-06,1.1e-05,8e-06,1.2e-05,1.2e-05,3.1e-05,0.128254,2.4e-05,8e-06,2.5e-05,6.500000000000001e-05,1.3000000000000001e-05,4.3e-05,1.7e-05,0.12862200000000001,61504,61504.0,1606383507.7347214
5.2e-05,8e-06,8e-06,2.3e-05,9e-06,1.1e-05,8e-06,1.3e-05,1.3e-05,3.2e-05,0.12702,2.2e-05,9e-06,2.5e-05,5.9e-05,1.5e-05,4.8e-05,1.8e-05,0.127393,61688,61688.0,1606383567.9495955
5.3e-05,7.000000000000003e-06,8e-06,2.2e-05,9e-06,1e-05,8e-06,1.3000000000000001e-05,1.2e-05,3.2e-05,0.129192,2.4e-05,9e-06,2.5e-05,5.9e-05,1.4000000000000001e-05,4.7e-05,1.7e-05,0.12956099999999998,61877,61877.0,1606383628.167841
4.8e-05,8e-06,8e-06,2.3e-05,8e-06,1.1e-05,8e-06,1.3e-05,1.3e-05,3.1e-05,0.122537,1.9e-05,7.000000000000003e-06,2.1e-05,3.9e-05,1.1e-05,3.6e-05,1.3e-05,0.122854,62061,62061.0,1606383688.3733542
5.400000000000001e-05,8e-06,8e-06,2.3e-05,8e-06,9e-06,7.000000000000003e-06,1.4000000000000001e-05,1.3000000000000001e-05,3.2e-05,0.082596,1.7e-05,6e-06,1.8e-05,4.2e-05,1e-05,3.6e-05,1.2e-05,0.082913,62240,62240.0,1606383748.536621
5.2e-05,7.000000000000003e-06,8e-06,2.3e-05,9e-06,1e-05,8e-06,1.3e-05,1.3e-05,3.2e-05,0.128659,2.2e-05,8e-06,2.6e-05,6.1e-05,1.3e-05,4.2e-05,3.4e-05,0.12904000000000002,62430,62430.0,1606383808.7474234
5.5e-05,7.000000000000003e-06,9e-06,2.4e-05,8e-06,1e-05,8e-06,1.3000000000000001e-05,1.3000000000000001e-05,3.2e-05,0.11329000000000004,1.6e-05,6e-06,1.7e-05,3.9e-05,1e-05,3.3e-05,1.3000000000000001e-05,0.113603,62614,62614.0,1606383868.9514592
5.2e-05,7.000000000000003e-06,7.000000000000003e-06,2.3e-05,8e-06,1e-05,7.000000000000003e-06,1.3e-05,1.3e-05,3.6e-05,0.130072,2e-05,8e-06,2.4e-05,6.500000000000001e-05,1.4e-05,4.3e-05,1.7e-05,0.130439,62795,62795.0,1606383929.160376
5.3e-05,7.000000000000003e-06,7.000000000000003e-06,2.3e-05,8e-06,1e-05,8e-06,1.3000000000000001e-05,1.2e-05,3.1e-05,0.12953900000000002,2e-05,7.000000000000003e-06,2.1e-05,7.900000000000001e-05,1.1e-05,3.9e-05,1.4999999999999999e-05,0.129903,62980,62980.0,1606383989.3782418
6.7e-05,8e-06,8e-06,2.6e-05,8e-06,1.1e-05,8e-06,1.3e-05,1.3e-05,3.4e-05,0.129874,1.9e-05,8e-06,2.3e-05,6.9e-05,1.3e-05,3.7e-05,1.5e-05,0.130254,63164,63164.0,1606384049.5968392
5.2000000000000004e-05,8e-06,8e-06,2.2e-05,9e-06,1e-05,8e-06,1.3000000000000001e-05,1.3000000000000001e-05,3.1e-05,0.13009400000000002,2.1e-05,9e-06,2.6000000000000002e-05,6.500000000000001e-05,1.3000000000000001e-05,4.3e-05,1.7e-05,0.130462,63347,63347.0,1606384109.8167074
5.2e-05,7.000000000000003e-06,8e-06,2.3e-05,9e-06,1e-05,8e-06,1.2e-05,1.3e-05,3.1e-05,0.13235,2.2e-05,9e-06,2.4e-05,6.4e-05,1.4e-05,4.5e-05,1.7e-05,0.132718,63530,63530.0,1606384169.9915195
5.5e-05,7.000000000000003e-06,8e-06,2.3e-05,9e-06,1e-05,7.000000000000003e-06,1.3000000000000001e-05,1.3000000000000001e-05,3.1e-05,0.12961,2.1e-05,9e-06,2.4e-05,6.9e-05,1.3000000000000001e-05,4e-05,1.7e-05,0.12997899999999998,63713,63713.0,1606384230.1864307
5.400000000000001e-05,8e-06,7.000000000000003e-06,2.2e-05,9e-06,1e-05,7.000000000000003e-06,1.2e-05,1.2e-05,3.1e-05,0.131553,2.1e-05,8e-06,2.1e-05,6.8e-05,1.1e-05,3.8e-05,1.4e-05,0.131906,63900,63900.0,1606384290.406248
5.3e-05,7.000000000000003e-06,8e-06,2.3e-05,8e-06,1e-05,8e-06,1.3000000000000001e-05,1.3000000000000001e-05,3.2e-05,0.130913,2.1e-05,8e-06,2.1e-05,7.2e-05,1.1e-05,4.1e-05,1.4999999999999999e-05,0.131277,64077,64077.0,1606384350.634383
4.9e-05,7.000000000000003e-06,8e-06,2.2e-05,8e-06,1e-05,8e-06,1.3e-05,1.2e-05,3.1e-05,0.067664,1.8e-05,7.000000000000003e-06,1.8e-05,4.3e-05,1e-05,3.1e-05,1.3e-05,0.067972,64253,64253.0,1606384410.7910414
4.9e-05,7.000000000000003e-06,7.000000000000003e-06,2.2e-05,9e-06,1e-05,8e-06,1.2e-05,1.2e-05,2.9999999999999997e-05,0.066385,1.7e-05,7.000000000000003e-06,1.8e-05,4.4e-05,1e-05,2.8999999999999997e-05,1.3000000000000001e-05,0.066689,64432,64432.0,1606384470.9482632
5.9e-05,8e-06,8e-06,2.5e-05,8e-06,1e-05,9e-06,1.4e-05,1.4e-05,3.4e-05,0.12600899999999998,1.8e-05,7.000000000000003e-06,1.9e-05,4.3e-05,1.1e-05,3.6e-05,1.4e-05,0.126346,64612,64612.0,1606384531.1608994
6.6e-05,8e-06,8e-06,2.2e-05,9e-06,1e-05,8e-06,1.3000000000000001e-05,1.3000000000000001e-05,3.2e-05,0.113328,1.4999999999999999e-05,7.000000000000003e-06,1.9e-05,4.6e-05,1.1e-05,3.3e-05,1.3000000000000001e-05,0.11366099999999996,64787,64787.0,1606384591.3557286
4.8e-05,7.000000000000003e-06,8e-06,2.1e-05,8e-06,9e-06,7.000000000000003e-06,1.2e-05,1.2e-05,3e-05,0.089032,1.8e-05,6e-06,1.9e-05,4.8e-05,1e-05,3.2e-05,1.3e-05,0.08934,64968,64968.0,1606384651.5231245
5.3e-05,8e-06,8e-06,2.2e-05,9e-06,1.1e-05,8e-06,1.3000000000000001e-05,1.2e-05,3.2e-05,0.13392,2e-05,8e-06,2.2e-05,8.4e-05,1e-05,3.9e-05,1.4999999999999999e-05,0.134294,65144,65144.0,1606384711.7411375
4.3e-05,6e-06,6e-06,1.8e-05,7.000000000000003e-06,8e-06,6e-06,1e-05,1e-05,2.5e-05,0.130939,1.8e-05,7.000000000000003e-06,2.2e-05,7.8e-05,1e-05,3.7e-05,1.4e-05,0.13126400000000002,65325,65325.0,1606384771.958302
5.9e-05,7.000000000000003e-06,8e-06,2.6000000000000002e-05,1e-05,1e-05,8e-06,1.4000000000000001e-05,1.3000000000000001e-05,3.4e-05,0.110153,1.8e-05,7.000000000000003e-06,2e-05,6.3e-05,1.1e-05,3.3e-05,1.7e-05,0.11051099999999996,65505,65505.0,1606384832.1578846
5e-05,8e-06,8e-06,2.2e-05,9e-06,1.1e-05,8e-06,1.2e-05,1.3e-05,3.1e-05,0.140956,1.7e-05,6e-06,1.9e-05,6.7e-05,1e-05,3.2e-05,1.3e-05,0.141292,65686,65686.0,1606384892.3431282
4.3e-05,5e-06,6e-06,1.8e-05,7.000000000000003e-06,8e-06,6e-06,1e-05,1e-05,2.5e-05,0.072915,2.1e-05,7.000000000000003e-06,2e-05,5.9e-05,1.1e-05,3.9e-05,1.9e-05,0.073229,65862,65862.0,1606384952.497649
5.400000000000001e-05,7.000000000000003e-06,8e-06,2.2e-05,8e-06,1e-05,8e-06,1.3e-05,1.3e-05,3.1e-05,0.13661099999999998,2.2e-05,9e-06,2.5e-05,8.9e-05,1.5e-05,4.2e-05,1.6e-05,0.137003,66032,66032.0,1606385012.723732
4.1e-05,6e-06,6e-06,1.7e-05,6e-06,8e-06,6e-06,1e-05,9e-06,2.4e-05,0.067575,1.6e-05,6e-06,1.6e-05,5.2000000000000004e-05,8e-06,2.9999999999999997e-05,1.4000000000000001e-05,0.06785,66212,66212.0,1606385072.8806586
5.2e-05,7.000000000000003e-06,8e-06,2.3e-05,8e-06,1.1e-05,8e-06,1.3e-05,1.2e-05,3.2e-05,0.136205,1.8e-05,7.000000000000003e-06,2.4e-05,9.6e-05,1.1e-05,4e-05,1.5e-05,0.13659000000000002,66384,66384.0,1606385133.110182
5.3e-05,7.000000000000003e-06,8e-06,2.3e-05,9e-06,1e-05,7.000000000000003e-06,1.4000000000000001e-05,1.4000000000000001e-05,3.3e-05,0.087702,1.7e-05,7.000000000000003e-06,1.8e-05,5.3e-05,9e-06,2.9999999999999997e-05,1.4999999999999999e-05,0.088029,66564,66564.0,1606385193.2811768
5.7e-05,1e-05,9e-06,2.5e-05,9e-06,1.1e-05,9e-06,1.4e-05,1.5e-05,3.5e-05,0.069755,1.2e-05,6e-06,1.7e-05,4.8e-05,8e-06,2.8000000000000013e-05,1.1e-05,0.070079,66737,66737.0,1606385253.4141195
5.2000000000000004e-05,7.000000000000003e-06,8e-06,2.2e-05,8e-06,1e-05,8e-06,1.3000000000000001e-05,1.3000000000000001e-05,3.3e-05,0.081102,1.9e-05,6e-06,1.8e-05,4.8e-05,1e-05,3.3e-05,1.3000000000000001e-05,0.081423,66915,66915.0,1606385313.5808847
5.400000000000001e-05,7.000000000000003e-06,8e-06,2.3e-05,9e-06,1e-05,8e-06,1.3e-05,1.2e-05,3.1e-05,0.137442,2.3e-05,1e-05,2.4e-05,9e-05,1.3e-05,4.7e-05,3.4e-05,0.13785799999999998,67086,67086.0,1606385373.7841175
5.600000000000001e-05,7.000000000000003e-06,8e-06,2.3e-05,8e-06,1.1e-05,8e-06,1.3000000000000001e-05,1.3000000000000001e-05,3.3e-05,0.133258,1.7e-05,7.000000000000003e-06,1.7e-05,5.600000000000001e-05,9e-06,3.2e-05,1.1e-05,0.13358699999999998,66946,66946.0,1606385433.9908295
5.3e-05,8e-06,7.000000000000003e-06,2.2e-05,9e-06,1e-05,8e-06,1.3e-05,1.2e-05,3.2e-05,0.129665,1.9e-05,7.000000000000003e-06,1.9e-05,5.3e-05,1.1e-05,3.6e-05,1.4e-05,0.129998,67119,67119.0,1606385494.1456394
6.6e-05,9e-06,1e-05,2.8999999999999997e-05,1e-05,1.3000000000000001e-05,1.1e-05,1.6e-05,1.4999999999999999e-05,4.1e-05,0.07256699999999999,1.6e-05,6e-06,1.7e-05,6.7e-05,9e-06,3.4e-05,1.4000000000000001e-05,0.07295,67295,67295.0,1606385554.2768474
5.3e-05,8e-06,8e-06,2.3e-05,9e-06,1.1e-05,8e-06,1.2e-05,1.3e-05,3.3e-05,0.138649,2.1e-05,8e-06,2.6e-05,8.7e-05,1.4e-05,4.4e-05,3.3e-05,0.13906,67468,67468.0,1606385614.4983318
4.4e-05,6e-06,6e-06,1.9e-05,7.000000000000003e-06,9e-06,6e-06,1e-05,1e-05,2.5e-05,0.070296,1.8e-05,7.000000000000003e-06,2.1e-05,5.9e-05,1e-05,3.4e-05,1.4999999999999999e-05,0.070602,67645,67645.0,1606385674.6607811
5.2e-05,7.000000000000003e-06,7.000000000000003e-06,2.3e-05,8e-06,1e-05,7.000000000000003e-06,1.4e-05,1.3e-05,3.1e-05,0.141066,2.3e-05,8e-06,2.5e-05,7.900000000000001e-05,1.4e-05,4.7e-05,1.7e-05,0.141451,67818,67818.0,1606385734.8844109
5.2000000000000004e-05,7.000000000000003e-06,8e-06,2.3e-05,9e-06,1e-05,8e-06,1.2e-05,1.2e-05,3.1e-05,0.138652,1.9e-05,8e-06,2.2e-05,9.2e-05,1.1e-05,4e-05,1.4000000000000001e-05,0.13903,67994,67994.0,1606385795.1136851
5.400000000000001e-05,7.000000000000003e-06,8e-06,2.3e-05,9e-06,1e-05,8e-06,1.3e-05,1.2e-05,3.2e-05,0.115276,2e-05,7.000000000000003e-06,2e-05,5.3e-05,1.1e-05,3.6e-05,1.4e-05,0.115613,68163,68163.0,1606385855.3219898
5.3e-05,7.000000000000003e-06,8e-06,2.2e-05,8e-06,1.1e-05,8e-06,1.2e-05,1.3000000000000001e-05,3.1e-05,0.14013,2.2e-05,9e-06,2.5e-05,9.1e-05,1.3000000000000001e-05,4.8e-05,1.7e-05,0.140528,68331,68331.0,1606385915.5556855
5.400000000000001e-05,8e-06,8e-06,2.3e-05,8e-06,1.1e-05,8e-06,1.3e-05,1.3e-05,3.2e-05,0.115856,1.9e-05,7.000000000000003e-06,1.9e-05,5.400000000000001e-05,1.1e-05,3.6e-05,1.3e-05,0.116193,68506,68506.0,1606385975.7591894
5.5e-05,8e-06,8e-06,2.4e-05,9e-06,1e-05,9e-06,1.3000000000000001e-05,1.3000000000000001e-05,3.3e-05,0.143033,2.2e-05,8e-06,2.7000000000000002e-05,9.300000000000001e-05,1.4999999999999999e-05,4.7e-05,1.8e-05,0.14344500000000002,68678,68678.0,1606386035.9972892
5.3e-05,7.000000000000003e-06,8e-06,2.4e-05,8e-06,1.1e-05,8e-06,1.3e-05,1.3e-05,3.1e-05,0.14186400000000002,2e-05,7.000000000000003e-06,2.4e-05,0.000114,1.2e-05,3.9e-05,1.6e-05,0.142272,68851,68851.0,1606386096.2295115
5.3e-05,8e-06,8e-06,2.3e-05,9e-06,1e-05,8e-06,1.2e-05,1.3000000000000001e-05,3.1e-05,0.141373,2.1e-05,8e-06,2.4e-05,8.2e-05,1.1e-05,3.9e-05,1.4999999999999999e-05,0.141748,69016,69016.0,1606386156.4635286
5.5e-05,8e-06,8e-06,2.3e-05,9e-06,1.1e-05,8e-06,1.3e-05,1.2e-05,3.2e-05,0.142999,2.3e-05,8e-06,2.7e-05,0.0001,1.3e-05,5.2e-05,1.8e-05,0.14341900000000002,69184,69184.0,1606386216.6426349
5.2000000000000004e-05,8e-06,8e-06,2.3e-05,9e-06,1.1e-05,8e-06,1.3000000000000001e-05,1.3000000000000001e-05,3.1e-05,0.121366,1.7e-05,6e-06,1.9e-05,6.6e-05,1e-05,3.3e-05,1.3000000000000001e-05,0.121706,69355,69355.0,1606386276.8329525
8.6e-05,9e-06,1e-05,3.1e-05,1.1e-05,1.4e-05,1.1e-05,1.7e-05,1.6e-05,4.2e-05,0.075498,1.7e-05,7.000000000000003e-06,2.1e-05,6.3e-05,1e-05,3.4e-05,1.3e-05,0.07591,69528,69528.0,1606386337.0026054
5.400000000000001e-05,7.000000000000003e-06,8e-06,2.4e-05,8e-06,1e-05,8e-06,1.3000000000000001e-05,1.3000000000000001e-05,3.2e-05,0.095829,1.4999999999999999e-05,6e-06,1.7e-05,6.1e-05,9e-06,3.1e-05,1.2e-05,0.096157,69696,69696.0,1606386397.1880414
5.600000000000001e-05,8e-06,7.000000000000003e-06,2.3e-05,9e-06,1.1e-05,8e-06,1.3e-05,1.2e-05,3.3e-05,0.13051400000000002,1.8e-05,8e-06,2.3e-05,9.5e-05,1.1e-05,3.8e-05,1.4e-05,0.130901,69869,69869.0,1606386457.4099016
4.2e-05,5e-06,6e-06,1.8e-05,7.000000000000003e-06,8e-06,6e-06,1e-05,1e-05,2.4e-05,0.071904,1.7e-05,7.000000000000003e-06,1.8e-05,5.9999999999999995e-05,1e-05,3.7e-05,1.3000000000000001e-05,0.072202,70039,70039.0,1606386517.5698574
5.1e-05,7.000000000000003e-06,8e-06,2.2e-05,9e-06,1e-05,8e-06,1.2e-05,1.2e-05,3.1e-05,0.14485599999999998,2.3e-05,1e-05,2.6e-05,9.7e-05,1.4e-05,5.1e-05,1.7e-05,0.145264,70204,70204.0,1606386577.8004062
4.9e-05,7.000000000000003e-06,7.000000000000003e-06,2.1e-05,8e-06,9e-06,8e-06,1.2e-05,1.2e-05,2.9999999999999997e-05,0.072828,1.7e-05,7.000000000000003e-06,1.9e-05,5.9999999999999995e-05,1e-05,3.5e-05,1.6e-05,0.073155,70373,70373.0,1606386637.964983
5.1e-05,7.000000000000003e-06,8e-06,2.2e-05,9e-06,1e-05,7.000000000000003e-06,1.3e-05,1.2e-05,3e-05,0.147561,1.7e-05,6e-06,1.7e-05,7.2e-05,9e-06,3e-05,1.2e-05,0.147893,70544,70544.0,1606386698.204587
5.3e-05,7.000000000000003e-06,8e-06,2.3e-05,9e-06,1e-05,8e-06,1.2e-05,1.3000000000000001e-05,3.1e-05,0.144174,2.3e-05,8e-06,2.6000000000000002e-05,0.000101,1.4000000000000001e-05,4.2e-05,1.7e-05,0.14457899999999999,70709,70709.0,1606386758.4315307
5.2e-05,8e-06,8e-06,2.2e-05,9e-06,1e-05,8e-06,1.3e-05,1.3e-05,3.1e-05,0.134578,1.6e-05,6e-06,1.7e-05,6.4e-05,9e-06,3.1e-05,2.8000000000000013e-05,0.13492300000000002,70876,70876.0,1606386818.6217954
5.3e-05,8e-06,7.000000000000003e-06,2.3e-05,8e-06,1.1e-05,7.000000000000003e-06,1.3000000000000001e-05,1.2e-05,3.1e-05,0.13070199999999998,1.9e-05,7.000000000000003e-06,2.1e-05,9.7e-05,1.2e-05,3.6e-05,1.4000000000000001e-05,0.131081,71047,71047.0,1606386878.8357742
5.400000000000001e-05,7.000000000000003e-06,9e-06,2.2e-05,9e-06,1e-05,9e-06,1.3e-05,1.2e-05,3.2e-05,0.128494,1.7e-05,6e-06,1.7e-05,6.3e-05,9e-06,3.1e-05,1.1e-05,0.128825,71218,71218.0,1606386939.059599
4.1e-05,6e-06,6e-06,1.7e-05,7.000000000000003e-06,8e-06,6e-06,1e-05,1e-05,2.4e-05,0.072013,1.9e-05,7.000000000000003e-06,2e-05,6.9e-05,1.1e-05,3.1e-05,1.6e-05,0.07232100000000001,71382,71382.0,1606386999.2232802
4.3e-05,6e-06,6e-06,1.8e-05,7.000000000000003e-06,8e-06,6e-06,1e-05,1e-05,2.4e-05,0.075269,1.6e-05,5e-06,1.6e-05,7.8e-05,9e-06,2.9e-05,1.4e-05,0.075574,71543,71543.0,1606387059.3884814
5.5e-05,7.000000000000003e-06,7.000000000000003e-06,2.4e-05,8e-06,1e-05,8e-06,1.3000000000000001e-05,1.2e-05,3.2e-05,0.149198,2.1e-05,8e-06,2.3e-05,0.000113,1.1e-05,3.9e-05,1.6e-05,0.149605,71707,71707.0,1606387119.632902
5.2e-05,7.000000000000003e-06,8e-06,2.4e-05,1e-05,1e-05,8e-06,1.3e-05,1.2e-05,3.2e-05,0.147604,1.9e-05,8e-06,2.4e-05,0.000103,1.2e-05,4.1e-05,1.4e-05,0.148001,71875,71875.0,1606387179.8755589
5.3e-05,7.000000000000003e-06,8e-06,2.2e-05,8e-06,1.1e-05,8e-06,1.3000000000000001e-05,1.2e-05,3.2e-05,0.110002,1.8e-05,6e-06,2e-05,7.8e-05,1e-05,3.2e-05,1.4000000000000001e-05,0.110354,72036,72036.0,1606387240.0763144
4.8e-05,6e-06,6e-06,1.9e-05,7.000000000000003e-06,9e-06,7.000000000000003e-06,1e-05,1e-05,2.6e-05,0.090261,2.2e-05,8e-06,2.5e-05,0.00011,1.3e-05,4.1e-05,1.6e-05,0.090644,72197,72197.0,1606387300.2573164
5.3e-05,7.000000000000003e-06,8e-06,2.3e-05,9e-06,1e-05,8e-06,1.3000000000000001e-05,1.3000000000000001e-05,3.2e-05,0.150069,2e-05,8e-06,2.3e-05,0.00010400000000000001,1.2e-05,3.9e-05,1.4999999999999999e-05,0.15046600000000002,72365,72365.0,1606387360.501659
6.6e-05,1.1e-05,1.1e-05,2.9e-05,1.1e-05,1.3e-05,1e-05,1.7e-05,1.6e-05,4.1e-05,0.077806,1.6e-05,7.000000000000003e-06,1.7e-05,7.099999999999999e-05,9e-06,3e-05,1.1e-05,0.078192,72527,72527.0,1606387420.674624
4.3e-05,6e-06,9e-06,2e-05,7.000000000000003e-06,9e-06,7.000000000000003e-06,1.2e-05,1.3000000000000001e-05,2.8000000000000013e-05,0.075776,1.8e-05,7.000000000000003e-06,2e-05,6.8e-05,1e-05,3.4e-05,1.4999999999999999e-05,0.076102,72685,72685.0,1606387480.7873929
7.900000000000001e-05,8e-06,8e-06,2.5e-05,9e-06,1e-05,9e-06,1.4e-05,1.3e-05,3.4e-05,0.15124200000000002,2e-05,7.000000000000003e-06,2.2e-05,0.000116,1.1e-05,3.6e-05,1.5e-05,0.151678,72849,72849.0,1606387541.0323768
5.400000000000001e-05,8e-06,8e-06,2.3e-05,9e-06,1e-05,8e-06,1.3000000000000001e-05,1.3000000000000001e-05,3.2e-05,0.130652,1.8e-05,6e-06,2e-05,7.3e-05,1.1e-05,3.4e-05,1.3000000000000001e-05,0.13100499999999998,73017,73017.0,1606387601.2579188
5.3e-05,7.000000000000003e-06,8e-06,2.3e-05,8e-06,1.1e-05,8e-06,1.3e-05,1.3e-05,3.1e-05,0.149383,2.1e-05,7.000000000000003e-06,2e-05,7.4e-05,1.1e-05,4.2e-05,1.3e-05,0.149746,73179,73179.0,1606387661.464633
5.5e-05,8e-06,8e-06,2.3e-05,8e-06,1.1e-05,8e-06,1.3000000000000001e-05,1.2e-05,3.2e-05,0.151361,2.1e-05,8e-06,2.4e-05,0.00011,1.4000000000000001e-05,4.3e-05,1.7e-05,0.151776,73343,73343.0,1606387721.7113733
5.2e-05,7.000000000000003e-06,8e-06,2.3e-05,9e-06,1e-05,8e-06,1.3e-05,1.3e-05,3.2e-05,0.15121099999999998,2.2e-05,9e-06,2.6e-05,0.000125,1.4e-05,4.4e-05,1.7e-05,0.151643,73509,73509.0,1606387781.9347339
5.6999999999999996e-05,8e-06,9e-06,2.5e-05,9e-06,1.1e-05,8e-06,1.4000000000000001e-05,1.4000000000000001e-05,3.4e-05,0.154641,2e-05,8e-06,2.4e-05,0.000131,1.3000000000000001e-05,4.1e-05,1.4999999999999999e-05,0.155082,73666,73666.0,1606387842.182599
5.2e-05,1.9e-05,8e-06,2.2e-05,8e-06,1e-05,7.000000000000003e-06,1.2e-05,1.2e-05,3e-05,0.109324,1.9e-05,6e-06,1.9e-05,8.8e-05,1e-05,3.5e-05,1.2e-05,0.109693,73830,73830.0,1606387902.384532
5e-05,7.000000000000003e-06,8e-06,2.1e-05,9e-06,9e-06,8e-06,1.2e-05,1.2e-05,2.9999999999999997e-05,0.079825,1.8e-05,7.000000000000003e-06,2e-05,7.3e-05,1.1e-05,3.7e-05,1.7e-05,0.080174,73995,73995.0,1606387962.5593972
5.2e-05,7.000000000000003e-06,9e-06,2.2e-05,8e-06,1e-05,9e-06,1.2e-05,1.3e-05,3.2e-05,0.15345699999999998,2e-05,8e-06,2.7e-05,0.000139,1.3e-05,4.9e-05,1.7e-05,0.153904,74151,74151.0,1606388022.7885802
5.1e-05,7.000000000000003e-06,8e-06,2.2e-05,8e-06,1e-05,8e-06,1.2e-05,1.2e-05,2.8999999999999997e-05,0.149776,1.9e-05,8e-06,2.4e-05,0.00014099999999999998,1.2e-05,3.6e-05,1.6e-05,0.150199,74381,74381.0,1606388083.0342135
6.1e-05,8e-06,8e-06,2.7e-05,9e-06,1.1e-05,8e-06,1.3e-05,1.3e-05,3.5e-05,0.153843,2e-05,8e-06,2.7e-05,0.000125,1.4e-05,4.3e-05,1.7e-05,0.15429,74541,74541.0,1606388143.281585
5.1e-05,7.000000000000003e-06,8e-06,2.3e-05,8e-06,1.1e-05,8e-06,1.3000000000000001e-05,1.4000000000000001e-05,3.2e-05,0.13642200000000002,1.7e-05,7.000000000000003e-06,2e-05,8.4e-05,1.1e-05,3.5e-05,1.4000000000000001e-05,0.136785,74703,74703.0,1606388203.5115778
5.9e-05,8e-06,9e-06,2.7e-05,9e-06,1.1e-05,9e-06,1.5e-05,1.4e-05,3.7e-05,0.116584,1.9e-05,8e-06,2.6e-05,0.000106,1.3e-05,3.8e-05,1.6e-05,0.117008,74858,74858.0,1606388263.7215285
5.400000000000001e-05,8e-06,8e-06,2.4e-05,9e-06,1.1e-05,8e-06,1.3000000000000001e-05,1.3000000000000001e-05,3.2e-05,0.152865,2e-05,7.000000000000003e-06,2.1e-05,7.4e-05,1.1e-05,3.7e-05,3.1e-05,0.153246,75019,75019.0,1606388323.9683366
4.9e-05,7.000000000000003e-06,7.000000000000003e-06,2.2e-05,8e-06,1e-05,7.000000000000003e-06,1.2e-05,1.1e-05,2.9e-05,0.08066799999999999,1.6e-05,6e-06,1.9e-05,7.900000000000001e-05,9e-06,3.1e-05,1.2e-05,0.081002,75178,75178.0,1606388384.1441324
5.2000000000000004e-05,7.000000000000003e-06,8e-06,2.2e-05,8e-06,1.1e-05,8e-06,1.2e-05,1.2e-05,3.1e-05,0.130689,2e-05,7.000000000000003e-06,1.9e-05,8.4e-05,1.1e-05,3.7e-05,1.3000000000000001e-05,0.131051,75333,75333.0,1606388444.3698175
6.2e-05,9e-06,1e-05,2.9e-05,1.1e-05,1.4e-05,1.1e-05,1.6e-05,1.6e-05,4.2e-05,0.08174,2e-05,7.000000000000003e-06,2.1e-05,7.4e-05,1.1e-05,3.4e-05,1.4e-05,0.08214099999999999,75491,75491.0,1606388504.5374467
5.1e-05,6e-06,6e-06,1.8e-05,7.000000000000003e-06,8e-06,7.000000000000003e-06,2e-05,1.1e-05,2.5e-05,0.147019,1.7e-05,6e-06,1.7e-05,8.499999999999999e-05,8e-06,2.9999999999999997e-05,1.1e-05,0.147352,75649,75649.0,1606388564.7733386
5.3e-05,7.000000000000003e-06,9e-06,2.4e-05,9e-06,1e-05,8e-06,1.3e-05,1.3e-05,3.1e-05,0.156708,2.2e-05,9e-06,2.7e-05,0.000127,1.4e-05,4.5e-05,1.8e-05,0.157147,75809,75809.0,1606388625.016272
4e-05,5e-06,6e-06,1.6e-05,6e-06,8e-06,6e-06,1e-05,9e-06,2.4e-05,0.079691,1.9e-05,7.000000000000003e-06,1.9e-05,7.4e-05,1.1e-05,3.1e-05,1.2e-05,0.07999400000000001,75964,75964.0,1606388685.1905046
5.1e-05,7.000000000000002e-06,7.000000000000002e-06,2.1e-05,8e-06,1e-05,7.000000000000002e-06,1.3e-05,1.2e-05,3e-05,0.091858,1.8e-05,6e-06,1.6e-05,8.7e-05,8e-06,3.2e-05,1.1e-05,0.092202,76124,76124.0,1606388745.3514915
5.4000000000000005e-05,7.000000000000001e-06,8e-06,2.4e-05,1e-05,1e-05,8e-06,1.4000000000000001e-05,1.3000000000000001e-05,3.3e-05,0.157227,2.1e-05,8e-06,2.6000000000000002e-05,0.00013700000000000002,1.2e-05,4.3e-05,1.6e-05,0.157671,76286,76286.0,1606388805.6049552
0.000053,0.000007,0.000008,0.000023,0.000009,0.000010,0.000008,0.000012,0.000012,0.000032,0.104242,0.000017,0.000006,0.000021,0.000073,0.000012,0.000037,0.000013,0.104595,76441,76441.0,1606388865.8044348
